"","id","t","activity","moving","asleep","genotype","phase","bpfiltered","total_activity","day","hour","half","min","daily_activity","avg_min_activity","hourly_activity","avg_hourly_activity","halfhourly_activity","avg_halfhourly_activity","ZT","ZT_min"
"1","2024-05-13 02:00:00|Monitor81.txt|01",46380,0,FALSE,FALSE,"not injected","LD",0.157788264472455,657,0,12,25,773,75,0.0961538461538462,6,1.16666666666667,6,1.16666666666667,12,46380
"2","2024-05-13 02:00:00|Monitor81.txt|01",46800,0,FALSE,TRUE,"not injected","LD",0.159221103694086,657,0,13,26,780,75,0.0769230769230769,60,180.162696522153,32,109.856926188069,13,46800
"3","2024-05-13 02:00:00|Monitor81.txt|01",50400,0,FALSE,TRUE,"not injected","LD",0.160573609165448,657,0,14,28,840,75,1.37837837837838,3,78.3918918918919,3,48.8648648648649,14,50400
"4","2024-05-13 02:00:00|Monitor81.txt|01",54000,0,FALSE,TRUE,"not injected","LD",0.144924890971292,657,0,15,30,900,75,0.608108108108108,0,30.7702702702703,0,18.1216216216216,15,54000
"5","2024-05-13 02:00:00|Monitor81.txt|01",57600,0,FALSE,TRUE,"not injected","LD",0.120828175641966,657,0,16,32,960,75,0.459459459459459,0,13.472972972973,0,6.40540540540541,16,57600
"6","2024-05-13 02:00:00|Monitor81.txt|01",61200,0,FALSE,TRUE,"not injected","LD",0.0946428685220399,657,0,17,34,1020,75,0.135135135135135,0,10.6891891891892,0,5.7027027027027,17,61200
"7","2024-05-13 02:00:00|Monitor81.txt|01",64800,0,FALSE,TRUE,"not injected","LD",0.0698639810748651,657,0,18,36,1080,75,0.0675675675675676,3,8.68918918918919,3,4.81081081081081,18,64800
"8","2024-05-13 02:00:00|Monitor81.txt|01",68400,0,FALSE,TRUE,"not injected","LD",0.0477805053031338,657,0,19,38,1140,75,0.121621621621622,3,5.37837837837838,0,2.71621621621622,19,68400
"9","2024-05-13 02:00:00|Monitor81.txt|01",72000,0,FALSE,TRUE,"not injected","LD",0.0286811018993582,657,0,20,40,1200,75,0.027027027027027,0,4.09459459459459,0,2.37837837837838,20,72000
"10","2024-05-13 02:00:00|Monitor81.txt|01",75600,0,FALSE,TRUE,"not injected","LD",0.0126398204312454,657,0,21,42,1260,75,0,0,4,0,1.95945945945946,21,75600
"11","2024-05-13 02:00:00|Monitor81.txt|01",79200,0,FALSE,TRUE,"not injected","LD",-0.000291621805202441,657,0,22,44,1320,75,0.0810810810810811,0,3.5,0,1.66216216216216,22,79200
"12","2024-05-13 02:00:00|Monitor81.txt|01",82800,0,FALSE,TRUE,"not injected","LD",-0.0103240336411592,657,0,23,46,1380,75,0.0945945945945946,0,4.5,0,2.52702702702703,23,82800
"13","2024-05-13 02:00:00|Monitor81.txt|01",86400,0,FALSE,TRUE,"not injected","LD",-0.0176727853126017,657,1,24,48,1440,196,0.364864864864865,0,4.72972972972973,0,4.63513513513514,0,0
"14","2024-05-13 02:00:00|Monitor81.txt|01",90000,0,FALSE,TRUE,"not injected","LD",-0.0223183571375597,657,1,25,50,1500,196,0,0,0.108108108108108,0,0.027027027027027,1,3600
"15","2024-05-13 02:00:00|Monitor81.txt|01",93600,0,FALSE,TRUE,"not injected","LD",-0.0238316442328337,657,1,26,52,1560,196,0,0,0.0135135135135135,0,0.0135135135135135,2,7200
"16","2024-05-13 02:00:00|Monitor81.txt|01",97200,0,FALSE,TRUE,"not injected","LD",-0.0212651743041788,657,1,27,54,1620,196,0,0,0.135135135135135,0,0.0405405405405405,3,10800
"17","2024-05-13 02:00:00|Monitor81.txt|01",100800,0,FALSE,TRUE,"not injected","LD",-0.0131208751628555,657,1,28,56,1680,196,0,0,0.216216216216216,0,0.216216216216216,4,14400
"18","2024-05-13 02:00:00|Monitor81.txt|01",104400,0,FALSE,TRUE,"not injected","LD",0.00258294681449574,657,1,29,58,1740,196,0,0,0.0135135135135135,0,0,5,18000
"19","2024-05-13 02:00:00|Monitor81.txt|01",108000,0,FALSE,TRUE,"not injected","LD",0.0281100547978101,657,1,30,60,1800,196,0,0,0.0135135135135135,0,0.0135135135135135,6,21600
"20","2024-05-13 02:00:00|Monitor81.txt|01",111600,0,FALSE,TRUE,"not injected","LD",0.0656238255991698,657,1,31,62,1860,196,0,0,0.0135135135135135,0,0,7,25200
"21","2024-05-13 02:00:00|Monitor81.txt|01",115200,0,FALSE,TRUE,"not injected","LD",0.116571568233103,657,1,32,64,1920,196,0,0,0.162162162162162,0,0.0135135135135135,8,28800
"22","2024-05-13 02:00:00|Monitor81.txt|01",118800,0,FALSE,TRUE,"not injected","LD",0.180786607798128,657,1,33,66,1980,196,0,3,0.459459459459459,0,0.391891891891892,9,32400
"23","2024-05-13 02:00:00|Monitor81.txt|01",122400,0,FALSE,TRUE,"not injected","LD",0.255288480340416,657,1,34,68,2040,196,0,0,0,0,0,10,36000
"24","2024-05-13 02:00:00|Monitor81.txt|01",126000,0,FALSE,TRUE,"not injected","LD",0.333236284408326,657,1,35,70,2100,196,0,0,0.0540540540540541,0,0.0405405405405405,11,39600
"25","2024-05-13 02:00:00|Monitor81.txt|01",129600,0,FALSE,TRUE,"not injected","LD",0.402355436750148,657,1,36,72,2160,196,0.162162162162162,3,5.31081081081081,0,1.33783783783784,12,43200
"26","2024-05-13 02:00:00|Monitor81.txt|01",133200,2,TRUE,FALSE,"not injected","LD",0.442527682621604,657,1,37,74,2220,196,0.243243243243243,186,272.216216216216,163,187.094594594595,13,46800
"27","2024-05-13 02:00:00|Monitor81.txt|01",136800,0,FALSE,TRUE,"not injected","LD",0.429768002246073,657,1,38,76,2280,196,1.13513513513514,0,24.1351351351351,0,16.6216216216216,14,50400
"28","2024-05-13 02:00:00|Monitor81.txt|01",140400,0,FALSE,TRUE,"not injected","LD",0.373670816251056,657,1,39,78,2340,196,0.0540540540540541,3,2.44594594594595,3,1.40540540540541,15,54000
"29","2024-05-13 02:00:00|Monitor81.txt|01",144000,0,FALSE,TRUE,"not injected","LD",0.298603401930626,657,1,40,80,2400,196,0.0135135135135135,0,1.77027027027027,0,0.851351351351351,16,57600
"30","2024-05-13 02:00:00|Monitor81.txt|01",147600,0,FALSE,TRUE,"not injected","LD",0.22151704957003,657,1,41,82,2460,196,0,0,1.12162162162162,0,0.310810810810811,17,61200
"31","2024-05-13 02:00:00|Monitor81.txt|01",151200,0,FALSE,TRUE,"not injected","LD",0.152670324619572,657,1,42,84,2520,196,0,0,0.72972972972973,0,0.324324324324324,18,64800
"32","2024-05-13 02:00:00|Monitor81.txt|01",154800,0,FALSE,TRUE,"not injected","LD",0.0970253952300322,657,1,43,86,2580,196,0,0,0.351351351351351,0,0.175675675675676,19,68400
"33","2024-05-13 02:00:00|Monitor81.txt|01",158400,0,FALSE,TRUE,"not injected","LD",0.0558611711002953,657,1,44,88,2640,196,0,0,0.459459459459459,0,0.202702702702703,20,72000
"34","2024-05-13 02:00:00|Monitor81.txt|01",162000,0,FALSE,TRUE,"not injected","LD",0.0280916147550467,657,1,45,90,2700,196,0.0135135135135135,0,1.28378378378378,0,0.648648648648649,21,75600
"35","2024-05-13 02:00:00|Monitor81.txt|01",165600,0,FALSE,TRUE,"not injected","LD",0.0112490423436485,657,1,46,92,2760,196,0,1,2.13513513513514,0,0.743243243243243,22,79200
"36","2024-05-13 02:00:00|Monitor81.txt|01",169200,0,FALSE,TRUE,"not injected","LD",0.00215502310747178,657,1,47,94,2820,196,0.0945945945945946,0,2.55405405405405,0,1.56756756756757,23,82800
"37","2024-05-13 02:00:00|Monitor81.txt|01",172800,0,FALSE,TRUE,"not injected","LD",-0.00255083864835807,657,2,48,96,2880,148,0.0540540540540541,10,4.85135135135135,10,4.74324324324324,0,0
"38","2024-05-13 02:00:00|Monitor81.txt|01",176400,0,FALSE,TRUE,"not injected","LD",-0.00564059852531146,657,2,49,98,2940,148,0,0,0,0,0,1,3600
"39","2024-05-13 02:00:00|Monitor81.txt|01",180000,0,FALSE,TRUE,"not injected","LD",-0.0072407048116568,657,2,50,100,3000,148,0,0,0,0,0,2,7200
"40","2024-05-13 02:00:00|Monitor81.txt|01",183600,0,FALSE,TRUE,"not injected","LD",-0.00635684809631308,657,2,51,102,3060,148,0,0,0.108108108108108,0,0.108108108108108,3,10800
"41","2024-05-13 02:00:00|Monitor81.txt|01",187200,0,FALSE,TRUE,"not injected","LD",-0.00182998584618982,657,2,52,104,3120,148,0,1,0.0135135135135135,1,0.0135135135135135,4,14400
"42","2024-05-13 02:00:00|Monitor81.txt|01",190800,0,FALSE,TRUE,"not injected","LD",0.00765676320743492,657,2,53,106,3180,148,0,1,0.0135135135135135,1,0.0135135135135135,5,18000
"43","2024-05-13 02:00:00|Monitor81.txt|01",194400,0,FALSE,TRUE,"not injected","LD",0.0236880298484221,657,2,54,108,3240,148,0,0,0,0,0,6,21600
"44","2024-05-13 02:00:00|Monitor81.txt|01",198000,0,FALSE,TRUE,"not injected","LD",0.0479925320664404,657,2,55,110,3300,148,0,0,0.0945945945945946,0,0,7,25200
"45","2024-05-13 02:00:00|Monitor81.txt|01",201600,0,FALSE,TRUE,"not injected","LD",0.0818736189695138,657,2,56,112,3360,148,0,0,0.108108108108108,0,0.108108108108108,8,28800
"46","2024-05-13 02:00:00|Monitor81.txt|01",205200,0,FALSE,TRUE,"not injected","LD",0.125460065970508,657,2,57,114,3420,148,0,0,0,0,0,9,32400
"47","2024-05-13 02:00:00|Monitor81.txt|01",208800,0,FALSE,TRUE,"not injected","LD",0.176894988511623,657,2,58,116,3480,148,0,0,0.202702702702703,0,0.0675675675675676,10,36000
"48","2024-05-13 02:00:00|Monitor81.txt|01",212400,0,FALSE,TRUE,"not injected","LD",0.231306605423276,657,2,59,118,3540,148,0,0,0.108108108108108,0,0.0675675675675676,11,39600
"49","2024-05-13 02:00:00|Monitor81.txt|01",216000,0,FALSE,TRUE,"not injected","LD",0.279604301278541,657,2,60,120,3600,148,0,16,7.81081081081081,0,2.16216216216216,12,43200
"50","2024-05-13 02:00:00|Monitor81.txt|01",219600,0,FALSE,FALSE,"not injected","LD",0.307226531201671,657,2,61,122,3660,148,0.5,115,269.310810810811,93,196.756756756757,13,46800
"51","2024-05-13 02:00:00|Monitor81.txt|01",223200,0,FALSE,TRUE,"not injected","LD",0.297936525402504,657,2,62,124,3720,148,0.972972972972973,3,22.9324324324324,3,14.9189189189189,14,50400
"52","2024-05-13 02:00:00|Monitor81.txt|01",226800,0,FALSE,TRUE,"not injected","LD",0.258529902481956,657,2,63,126,3780,148,0,0,1.45945945945946,0,1.08108108108108,15,54000
"53","2024-05-13 02:00:00|Monitor81.txt|01",230400,0,FALSE,TRUE,"not injected","LD",0.205935521807504,657,2,64,128,3840,148,0.0135135135135135,0,0.648648648648649,0,0.5,16,57600
"54","2024-05-13 02:00:00|Monitor81.txt|01",234000,0,FALSE,TRUE,"not injected","LD",0.151909285926732,657,2,65,130,3900,148,0,0,0.810810810810811,0,0.283783783783784,17,61200
"55","2024-05-13 02:00:00|Monitor81.txt|01",237600,0,FALSE,TRUE,"not injected","LD",0.103316021898658,657,2,66,132,3960,148,0,0,1.16216216216216,0,0.608108108108108,18,64800
"56","2024-05-13 02:00:00|Monitor81.txt|01",241200,0,FALSE,TRUE,"not injected","LD",0.0633862073463752,657,2,67,134,4020,148,0.0675675675675676,0,2.41891891891892,0,0.486486486486487,19,68400
"57","2024-05-13 02:00:00|Monitor81.txt|01",244800,0,FALSE,TRUE,"not injected","LD",0.0328588350314944,657,2,68,136,4080,148,0,0,0.810810810810811,0,0.324324324324324,20,72000
"58","2024-05-13 02:00:00|Monitor81.txt|01",248400,0,FALSE,TRUE,"not injected","LD",0.0109281184547354,657,2,69,138,4140,148,0,0,1.17567567567568,0,0.540540540540541,21,75600
"59","2024-05-13 02:00:00|Monitor81.txt|01",252000,0,FALSE,TRUE,"not injected","LD",-0.00402729114788186,657,2,70,140,4200,148,0,2,1.14864864864865,2,0.72972972972973,22,79200
"60","2024-05-13 02:00:00|Monitor81.txt|01",255600,0,FALSE,TRUE,"not injected","LD",-0.0138709358901545,657,2,71,142,4260,148,0,0,1.33783783783784,0,0.756756756756757,23,82800
"61","2024-05-13 02:00:00|Monitor81.txt|01",259200,0,FALSE,TRUE,"not injected","LD",-0.0199230619698935,657,3,72,144,4320,137,0,0,4,0,4,0,0
"62","2024-05-13 02:00:00|Monitor81.txt|01",262800,0,FALSE,TRUE,"not injected","LD",-0.0229130648611387,657,3,73,146,4380,137,0,0,0.0810810810810811,0,0.0810810810810811,1,3600
"63","2024-05-13 02:00:00|Monitor81.txt|01",266400,0,FALSE,TRUE,"not injected","LD",-0.0231050715190755,657,3,74,148,4440,137,0,0,0.0135135135135135,0,0,2,7200
"64","2024-05-13 02:00:00|Monitor81.txt|01",270000,0,FALSE,TRUE,"not injected","LD",-0.0202293720525129,657,3,75,150,4500,137,0,0,0,0,0,3,10800
"65","2024-05-13 02:00:00|Monitor81.txt|01",273600,0,FALSE,TRUE,"not injected","LD",-0.0134789229114998,657,3,76,152,4560,137,0,0,0.837837837837838,0,0.027027027027027,4,14400
"66","2024-05-13 02:00:00|Monitor81.txt|01",277200,0,FALSE,TRUE,"not injected","LD",-0.00158093916790934,657,3,77,154,4620,137,0.175675675675676,0,1.68918918918919,0,0.743243243243243,5,18000
"67","2024-05-13 02:00:00|Monitor81.txt|01",280800,0,FALSE,TRUE,"not injected","LD",0.0170375144069547,657,3,78,156,4680,137,0,0,0.175675675675676,0,0.121621621621622,6,21600
"68","2024-05-13 02:00:00|Monitor81.txt|01",284400,0,FALSE,TRUE,"not injected","LD",0.043960319984788,657,3,79,158,4740,137,0,0,0.743243243243243,0,0.743243243243243,7,25200
"69","2024-05-13 02:00:00|Monitor81.txt|01",288000,0,FALSE,TRUE,"not injected","LD",0.0803332294142649,657,3,80,160,4800,137,0,0,0,0,0,8,28800
"70","2024-05-13 02:00:00|Monitor81.txt|01",291600,0,FALSE,TRUE,"not injected","LD",0.126219025096943,657,3,81,162,4860,137,0,0,0.0675675675675676,0,0.0405405405405405,9,32400
"71","2024-05-13 02:00:00|Monitor81.txt|01",295200,0,FALSE,TRUE,"not injected","LD",0.179732227300009,657,3,82,164,4920,137,0,0,0.0135135135135135,0,0,10,36000
"72","2024-05-13 02:00:00|Monitor81.txt|01",298800,0,FALSE,TRUE,"not injected","LD",0.235955286342257,657,3,83,166,4980,137,0,0,0.0675675675675676,0,0,11,39600
"73","2024-05-13 02:00:00|Monitor81.txt|01",302400,0,FALSE,TRUE,"not injected","LD",0.285685399485747,657,3,84,168,5040,137,0,8,5.72972972972973,0,0.0675675675675676,12,43200
"74","2024-05-13 02:00:00|Monitor81.txt|01",306000,0,FALSE,FALSE,"not injected","LD",0.314133882031435,657,3,85,170,5100,137,0.378378378378378,125,235.797297297297,125,179.486486486486,13,46800
"75","2024-05-13 02:00:00|Monitor81.txt|01",309600,0,FALSE,TRUE,"not injected","LD",0.304292704787703,657,3,86,172,5160,137,0.648648648648649,1,13.5945945945946,0,11.7567567567568,14,50400
"76","2024-05-13 02:00:00|Monitor81.txt|01",313200,0,FALSE,TRUE,"not injected","LD",0.264075286250615,657,3,87,174,5220,137,0.0135135135135135,3,0.864864864864865,3,0.527027027027027,15,54000
"77","2024-05-13 02:00:00|Monitor81.txt|01",316800,0,FALSE,TRUE,"not injected","LD",0.210304550961686,657,3,88,176,5280,137,0,0,0.527027027027027,0,0.283783783783784,16,57600
"78","2024-05-13 02:00:00|Monitor81.txt|01",320400,0,FALSE,TRUE,"not injected","LD",0.15481028259948,657,3,89,178,5340,137,0.0135135135135135,0,1.09459459459459,0,0.810810810810811,17,61200
"79","2024-05-13 02:00:00|Monitor81.txt|01",324000,0,FALSE,TRUE,"not injected","LD",0.104740517665733,657,3,90,180,5400,137,0,0,0.554054054054054,0,0.0945945945945946,18,64800
"80","2024-05-13 02:00:00|Monitor81.txt|01",327600,0,FALSE,TRUE,"not injected","LD",0.0635403110100878,657,3,91,182,5460,137,0,0,0.554054054054054,0,0.121621621621622,19,68400
"81","2024-05-13 02:00:00|Monitor81.txt|01",331200,0,FALSE,TRUE,"not injected","LD",0.0321285369709755,657,3,92,184,5520,137,0,0,0.702702702702703,0,0.391891891891892,20,72000
"82","2024-05-13 02:00:00|Monitor81.txt|01",334800,0,FALSE,TRUE,"not injected","LD",0.00987409487836938,657,3,93,186,5580,137,0,0,0.5,0,0.0675675675675676,21,75600
"83","2024-05-13 02:00:00|Monitor81.txt|01",338400,0,FALSE,TRUE,"not injected","LD",-0.00465453331176224,657,3,94,188,5640,137,0,0,0.864864864864865,0,0.378378378378378,22,79200
"84","2024-05-13 02:00:00|Monitor81.txt|01",342000,0,FALSE,TRUE,"not injected","LD",-0.0131543365998298,657,3,95,190,5700,137,0.0945945945945946,0,1.54054054054054,0,0.851351351351351,23,82800
"85","2024-05-13 02:00:00|Monitor81.txt|01",345600,0,FALSE,TRUE,"not injected","LD",-0.0172355159518459,657,4,96,192,5760,50,0.0135135135135135,0,3.81081081081081,0,3.75675675675676,0,0
"86","2024-05-13 02:00:00|Monitor81.txt|01",349200,0,FALSE,TRUE,"not injected","LD",-0.0182129508464445,657,4,97,194,5820,50,0,0,0.0675675675675676,0,0.0540540540540541,1,3600
"87","2024-05-13 02:00:00|Monitor81.txt|01",352800,0,FALSE,TRUE,"not injected","LD",-0.0170039235339375,657,4,98,196,5880,50,0,0,0.0405405405405405,0,0.0135135135135135,2,7200
"88","2024-05-13 02:00:00|Monitor81.txt|01",356400,0,FALSE,TRUE,"not injected","LD",-0.0141012353098535,657,4,99,198,5940,50,0,0,0.0135135135135135,0,0.0135135135135135,3,10800
"89","2024-05-13 02:00:00|Monitor81.txt|01",360000,0,FALSE,TRUE,"not injected","LD",-0.00960000602723999,657,4,100,200,6000,50,0,0,0.0675675675675676,0,0.0675675675675676,4,14400
"90","2024-05-13 02:00:00|Monitor81.txt|01",363600,0,FALSE,TRUE,"not injected","LD",-0.00326633045214657,657,4,101,202,6060,50,0,0,0.0405405405405405,0,0.0405405405405405,5,18000
"91","2024-05-13 02:00:00|Monitor81.txt|01",367200,0,FALSE,TRUE,"not injected","LD",0.00535474301519899,657,4,102,204,6120,50,0,0,0.0810810810810811,0,0.0810810810810811,6,21600
"92","2024-05-13 02:00:00|Monitor81.txt|01",370800,0,FALSE,TRUE,"not injected","LD",0.0167867765909677,657,4,103,206,6180,50,0,0,0,0,0,7,25200
"93","2024-05-13 02:00:00|Monitor81.txt|01",374400,0,FALSE,TRUE,"not injected","LD",0.0314148349091419,657,4,104,208,6240,50,0,0,0,0,0,8,28800
"94","2024-05-13 02:00:00|Monitor81.txt|01",378000,0,FALSE,TRUE,"not injected","LD",0.0492120740308112,657,4,105,210,6300,50,0,0,0,0,0,9,32400
"95","2024-05-13 02:00:00|Monitor81.txt|01",381600,0,FALSE,TRUE,"not injected","LD",0.069391954098958,657,4,106,212,6360,50,0,0,0.27027027027027,0,0.148648648648649,10,36000
"96","2024-05-13 02:00:00|Monitor81.txt|01",385200,0,FALSE,TRUE,"not injected","LD",0.0899880933093265,657,4,107,214,6420,50,0.027027027027027,0,0.391891891891892,0,0.0810810810810811,11,39600
"97","2024-05-13 02:00:00|Monitor81.txt|01",388800,0,FALSE,TRUE,"not injected","LD",0.107382135399495,657,4,108,216,6480,50,0.121621621621622,12,7.58108108108108,0,1.2972972972973,12,43200
"98","2024-05-13 02:00:00|Monitor81.txt|01",392400,0,FALSE,FALSE,"not injected","LD",0.115828859654868,657,4,109,218,6540,50,0.445945945945946,38,210.513513513514,38,162.148648648649,13,46800
"99","2024-05-13 02:00:00|Monitor81.txt|01",396000,0,FALSE,TRUE,"not injected","LD",0.109675716983194,657,4,110,220,6600,50,0.5,0,12.1621621621622,0,8.33783783783784,14,50400
"100","2024-05-13 02:00:00|Monitor81.txt|01",399600,0,FALSE,TRUE,"not injected","LD",0.0933745649079109,657,4,111,222,6660,50,0.0675675675675676,0,1.66216216216216,0,1.40540540540541,15,54000
"101","2024-05-13 02:00:00|Monitor81.txt|01",403200,0,FALSE,TRUE,"not injected","LD",0.0731997570905455,657,4,112,224,6720,50,0.0135135135135135,0,0.594594594594595,0,0.243243243243243,16,57600
"102","2024-05-13 02:00:00|Monitor81.txt|01",406800,0,FALSE,TRUE,"not injected","LD",0.0532360878907147,657,4,113,226,6780,50,0,0,0.243243243243243,0,0.0540540540540541,17,61200
"103","2024-05-13 02:00:00|Monitor81.txt|01",410400,0,FALSE,TRUE,"not injected","LD",0.0358266310776729,657,4,114,228,6840,50,0.0135135135135135,0,0.135135135135135,0,0.0810810810810811,18,64800
"104","2024-05-13 02:00:00|Monitor81.txt|01",414000,0,FALSE,TRUE,"not injected","LD",0.0220382363961024,657,4,115,230,6900,50,0,0,0.310810810810811,0,0.0675675675675676,19,68400
"105","2024-05-13 02:00:00|Monitor81.txt|01",417600,0,FALSE,TRUE,"not injected","LD",0.0120713414597029,657,4,116,232,6960,50,0,0,0.283783783783784,0,0.216216216216216,20,72000
"106","2024-05-13 02:00:00|Monitor81.txt|01",421200,0,FALSE,TRUE,"not injected","LD",0.00558710124509368,657,4,117,234,7020,50,0,0,0.608108108108108,0,0.243243243243243,21,75600
"107","2024-05-13 02:00:00|Monitor81.txt|01",424800,0,FALSE,TRUE,"not injected","LD",0.00194577092476963,657,4,118,236,7080,50,0,0,0.432432432432432,0,0.364864864864865,22,79200
"108","2024-05-13 02:00:00|Monitor81.txt|01",428400,0,FALSE,TRUE,"not injected","LD",0.000363455291494823,657,4,119,238,7140,50,0.0135135135135135,0,0.472972972972973,0,0.0810810810810811,23,82800
"109","2024-05-13 02:00:00|Monitor81.txt|01",432000,0,FALSE,TRUE,"not injected","LD",1.81795821612076e-06,657,5,120,240,7200,10,0,0,0.364864864864865,0,0.297297297297297,0,0
"110","2024-05-13 02:00:00|Monitor81.txt|01",435600,0,FALSE,TRUE,"not injected","FR",-5.53013982618191e-05,657,5,121,242,7260,10,0.0945945945945946,0,0.283783783783784,0,0.216216216216216,1,3600
"111","2024-05-13 02:00:00|Monitor81.txt|01",439200,0,FALSE,TRUE,"not injected","FR",0.000593724132090591,657,5,122,244,7320,10,0,0,0.243243243243243,0,0.0945945945945946,2,7200
"112","2024-05-13 02:00:00|Monitor81.txt|01",442800,0,FALSE,TRUE,"not injected","FR",0.00160382825687311,657,5,123,246,7380,10,0,0,0.0405405405405405,0,0,3,10800
"113","2024-05-13 02:00:00|Monitor81.txt|01",446400,0,FALSE,TRUE,"not injected","FR",0.00303750448840825,657,5,124,248,7440,10,0,0,0.0675675675675676,0,0.0675675675675676,4,14400
"114","2024-05-13 02:00:00|Monitor81.txt|01",450000,0,FALSE,TRUE,"not injected","FR",0.00491742327636514,657,5,125,250,7500,10,0.0675675675675676,0,0.0945945945945946,0,0.0945945945945946,5,18000
"115","2024-05-13 02:00:00|Monitor81.txt|01",453600,0,FALSE,TRUE,"not injected","FR",0.00719224550001288,657,5,126,252,7560,10,0,0,0.0135135135135135,0,0.0135135135135135,6,21600
"116","2024-05-13 02:00:00|Monitor81.txt|01",457200,0,FALSE,TRUE,"not injected","FR",0.00969211664196887,657,5,127,254,7620,10,0,0,0.0405405405405405,0,0.027027027027027,7,25200
"117","2024-05-13 02:00:00|Monitor81.txt|01",460800,0,FALSE,TRUE,"not injected","FR",0.0120752391237969,657,5,128,256,7680,10,0,5,0.135135135135135,0,0,8,28800
"118","2024-05-13 02:00:00|Monitor81.txt|01",464400,0,FALSE,TRUE,"not injected","FR",0.0137706321463001,657,5,129,258,7740,10,0,0,0.189189189189189,0,0.189189189189189,9,32400
"119","2024-05-13 02:00:00|Monitor81.txt|01",468000,0,FALSE,TRUE,"not injected","FR",0.0143679606532156,657,5,130,260,7800,10,0,0,0.189189189189189,0,0.0945945945945946,10,36000
"120","2024-05-13 02:00:00|Monitor81.txt|01",471600,0,FALSE,TRUE,"not injected","FR",0.0144276777020603,657,5,131,262,7860,10,0,0,0.148648648648649,0,0.121621621621622,11,39600
"121","2024-05-13 02:00:00|Monitor81.txt|01",475200,0,FALSE,TRUE,"not injected","FR",0.0144126992327387,657,5,132,264,7920,10,0,0,7.87837837837838,0,1.02702702702703,12,43200
"122","2024-05-13 02:00:00|Monitor81.txt|01",478800,0,FALSE,TRUE,"not injected","FR",0.014443109188647,657,5,133,266,7980,10,0.378378378378378,0,37.3513513513514,0,19.5,13,46800
"123","2024-05-13 02:00:00|Monitor81.txt|01",482400,0,FALSE,TRUE,"not injected","FR",0.0142960395166912,657,5,134,268,8040,10,0.945945945945946,5,18.6891891891892,0,10.7162162162162,14,50400
"124","2024-05-13 02:00:00|Monitor81.txt|01",486000,0,FALSE,TRUE,"not injected","FR",0.01340789977051,657,5,135,270,8100,10,0.5,0,11.0540540540541,0,6.56756756756757,15,54000
"125","2024-05-13 02:00:00|Monitor81.txt|01",489600,0,FALSE,TRUE,"not injected","FR",0.0114172712305541,657,5,136,272,8160,10,0.0135135135135135,0,6.86486486486486,0,3.71621621621622,16,57600
"126","2024-05-13 02:00:00|Monitor81.txt|01",493200,0,FALSE,TRUE,"not injected","FR",0.00890878628898974,657,5,137,274,8220,10,0.0540540540540541,0,3.66216216216216,0,2.41891891891892,17,61200
"127","2024-05-13 02:00:00|Monitor81.txt|01",496800,0,FALSE,TRUE,"not injected","FR",0.00637765266147211,657,5,138,276,8280,10,0.351351351351351,0,2.01351351351351,0,1.17567567567568,18,64800
"128","2024-05-13 02:00:00|Monitor81.txt|01",500400,0,FALSE,TRUE,"not injected","FR",0.00410729345215547,657,5,139,278,8340,10,0.175675675675676,0,1.54054054054054,0,0.837837837837838,19,68400
"129","2024-05-13 02:00:00|Monitor81.txt|01",504000,0,FALSE,TRUE,"not injected","FR",0.00222842019024694,657,5,140,280,8400,10,0,0,0.432432432432432,0,0.27027027027027,20,72000
"130","2024-05-13 02:00:00|Monitor81.txt|01",507600,0,FALSE,TRUE,"not injected","FR",0.000772509584956719,657,5,141,282,8460,10,0,0,0.283783783783784,0,0.243243243243243,21,75600
"131","2024-05-13 02:00:00|Monitor81.txt|01",511200,0,FALSE,TRUE,"not injected","FR",-0.00028363674350057,657,5,142,284,8520,10,0,0,0.108108108108108,0,0.0540540540540541,22,79200
"132","2024-05-13 02:00:00|Monitor81.txt|01",514800,0,FALSE,TRUE,"not injected","FR",-0.00098317487045851,657,5,143,286,8580,10,0,0,0.378378378378378,0,0.0540540540540541,23,82800
"133","2024-05-13 02:00:00|Monitor81.txt|01",518400,0,FALSE,TRUE,"not injected","FR",-0.00136392947408382,657,6,144,288,8640,10,0,0,0.148648648648649,0,0,0,0
"134","2024-05-13 02:00:00|Monitor81.txt|01",522000,0,FALSE,TRUE,"not injected","FR",-0.00144160696929908,657,6,145,290,8700,10,0,0,0.0810810810810811,0,0.0135135135135135,1,3600
"135","2024-05-13 02:00:00|Monitor81.txt|01",525600,0,FALSE,TRUE,"not injected","FR",-0.00120067787090338,657,6,146,292,8760,10,0,0,0.027027027027027,0,0,2,7200
"136","2024-05-13 02:00:00|Monitor81.txt|01",529200,0,FALSE,TRUE,"not injected","FR",-0.000592591004540277,657,6,147,294,8820,10,0,0,0.0945945945945946,0,0.0675675675675676,3,10800
"137","2024-05-13 02:00:00|Monitor81.txt|01",532800,0,FALSE,TRUE,"not injected","FR",0.000458304020314793,657,6,148,296,8880,10,0,0,0.135135135135135,0,0.0675675675675676,4,14400
"138","2024-05-13 02:00:00|Monitor81.txt|01",536400,0,FALSE,TRUE,"not injected","FR",0.0020399948876601,657,6,149,298,8940,10,0,0,0.391891891891892,0,0.22972972972973,5,18000
"139","2024-05-13 02:00:00|Monitor81.txt|01",540000,0,FALSE,TRUE,"not injected","FR",0.00422746457943884,657,6,150,300,9000,10,0,0,0.0540540540540541,0,0.027027027027027,6,21600
"140","2024-05-13 02:00:00|Monitor81.txt|01",543600,0,FALSE,TRUE,"not injected","FR",0.00704477722900273,657,6,151,302,9060,10,0,0,0.0405405405405405,0,0.027027027027027,7,25200
"141","2024-05-13 02:00:00|Monitor81.txt|01",547200,0,FALSE,TRUE,"not injected","FR",0.0104129588899915,657,6,152,304,9120,10,0,0,0.283783783783784,0,0.0135135135135135,8,28800
"142","2024-05-13 02:00:00|Monitor81.txt|01",550800,0,FALSE,TRUE,"not injected","FR",0.0140833076059053,657,6,153,306,9180,10,0,1,1.2972972972973,1,0.459459459459459,9,32400
"143","2024-05-13 02:00:00|Monitor81.txt|01",554400,0,FALSE,TRUE,"not injected","FR",0.0175674055890514,657,6,154,308,9240,10,0.121621621621622,2,4.09459459459459,0,1.68918918918919,10,36000
"144","2024-05-13 02:00:00|Monitor81.txt|01",558000,0,FALSE,TRUE,"not injected","FR",0.0202391668277788,657,6,155,310,9300,10,0.121621621621622,0,13.6621621621622,0,4.74324324324324,11,39600
"145","2024-05-13 02:00:00|Monitor81.txt|01",561600,0,FALSE,TRUE,"not injected","FR",0.0215021735567126,657,6,156,312,9360,10,0.148648648648649,7,31.7972972972973,0,15.6621621621622,12,43200
"146","2024-05-13 02:00:00|Monitor81.txt|01",565200,0,FALSE,TRUE,"not injected","FR",0.0207835860462489,657,6,157,314,9420,10,0.243243243243243,0,18.6351351351351,0,11.6216216216216,13,46800
"147","2024-05-13 02:00:00|Monitor81.txt|01",568800,0,FALSE,TRUE,"not injected","FR",0.0180208168181017,657,6,158,316,9480,10,0.459459459459459,0,9.14864864864865,0,6.08108108108108,14,50400
"148","2024-05-13 02:00:00|Monitor81.txt|01",572400,0,FALSE,TRUE,"not injected","FR",0.0143053661775876,657,6,159,318,9540,10,0.027027027027027,0,6.2972972972973,0,3.74324324324324,15,54000
"149","2024-05-13 02:00:00|Monitor81.txt|01",576000,0,FALSE,TRUE,"not injected","FR",0.0104643784319175,657,6,160,320,9600,10,0,0,3.62162162162162,0,2.60810810810811,16,57600
"150","2024-05-13 02:00:00|Monitor81.txt|01",579600,0,FALSE,TRUE,"not injected","FR",0.00698527640935519,657,6,161,322,9660,10,0,0,0.594594594594595,0,0.189189189189189,17,61200
"151","2024-05-13 02:00:00|Monitor81.txt|01",583200,0,FALSE,TRUE,"not injected","FR",0.00410517726124437,657,6,162,324,9720,10,0,0,0.567567567567568,0,0.22972972972973,18,64800
"152","2024-05-13 02:00:00|Monitor81.txt|01",586800,0,FALSE,TRUE,"not injected","FR",0.00189269432648628,657,6,163,326,9780,10,0,0,0.297297297297297,0,0.121621621621622,19,68400
"153","2024-05-13 02:00:00|Monitor81.txt|01",590400,0,FALSE,TRUE,"not injected","FR",0.000316161378453105,657,6,164,328,9840,10,0,0,0.216216216216216,0,0.0945945945945946,20,72000
"154","2024-05-13 02:00:00|Monitor81.txt|01",594000,0,FALSE,TRUE,"not injected","FR",-0.000703623114719586,657,6,165,330,9900,10,0,0,0.351351351351351,0,0.148648648648649,21,75600
"155","2024-05-13 02:00:00|Monitor81.txt|01",597600,0,FALSE,TRUE,"not injected","FR",-0.00125558778264452,657,6,166,332,9960,10,0,0,0.324324324324324,0,0.148648648648649,22,79200
"156","2024-05-13 02:00:00|Monitor81.txt|01",601200,0,FALSE,TRUE,"not injected","FR",-0.00141378251604815,657,6,167,334,10020,10,0,0,0.0135135135135135,0,0.0135135135135135,23,82800
"157","2024-05-13 02:00:00|Monitor81.txt|01",604800,0,FALSE,TRUE,"not injected","FR",-0.00122395762519857,657,7,168,336,10080,7,0,0,0.108108108108108,0,0.027027027027027,0,0
"158","2024-05-13 02:00:00|Monitor81.txt|01",608400,0,FALSE,TRUE,"not injected","FR",-0.000699620115930654,657,7,169,338,10140,7,0,0,0,0,0,1,3600
"159","2024-05-13 02:00:00|Monitor81.txt|01",612000,0,FALSE,TRUE,"not injected","FR",0.000173505339784066,657,7,170,340,10200,7,0,0,0.0675675675675676,0,0.0675675675675676,2,7200
"160","2024-05-13 02:00:00|Monitor81.txt|01",615600,0,FALSE,TRUE,"not injected","FR",0.00142494966220553,657,7,171,342,10260,7,0,0,0,0,0,3,10800
"161","2024-05-13 02:00:00|Monitor81.txt|01",619200,0,FALSE,TRUE,"not injected","FR",0.00307861702458811,657,7,172,344,10320,7,0,0,0.337837837837838,0,0.0405405405405405,4,14400
"162","2024-05-13 02:00:00|Monitor81.txt|01",622800,0,FALSE,TRUE,"not injected","FR",0.0051229274081121,657,7,173,346,10380,7,0.0135135135135135,0,0.0675675675675676,0,0.0675675675675676,5,18000
"163","2024-05-13 02:00:00|Monitor81.txt|01",626400,0,FALSE,TRUE,"not injected","FR",0.00747153395500656,657,7,174,348,10440,7,0,0,1.59459459459459,0,0.878378378378378,6,21600
"164","2024-05-13 02:00:00|Monitor81.txt|01",630000,0,FALSE,TRUE,"not injected","FR",0.0099150463099052,657,7,175,350,10500,7,0,0,2.28378378378378,0,0.72972972972973,7,25200
"165","2024-05-13 02:00:00|Monitor81.txt|01",633600,0,FALSE,TRUE,"not injected","FR",0.0120660049604163,657,7,176,352,10560,7,0.0135135135135135,5,1.71621621621622,0,0.972972972972973,8,28800
"166","2024-05-13 02:00:00|Monitor81.txt|01",637200,0,FALSE,TRUE,"not injected","FR",0.0133032606971158,657,7,177,354,10620,7,0,0,7.60810810810811,0,2.97297297297297,9,32400
"167","2024-05-13 02:00:00|Monitor81.txt|01",640800,0,FALSE,TRUE,"not injected","FR",0.0131863426244997,657,7,178,356,10680,7,0.175675675675676,0,17.5,0,5.77027027027027,10,36000
"168","2024-05-13 02:00:00|Monitor81.txt|01",644400,0,FALSE,TRUE,"not injected","FR",0.0122525950102969,657,7,179,358,10740,7,0.310810810810811,0,20.1891891891892,0,10.6351351351351,11,39600
"169","2024-05-13 02:00:00|Monitor81.txt|01",648000,0,FALSE,TRUE,"not injected","FR",0.0109571190956543,657,7,180,360,10800,7,0.405405405405405,0,15.5135135135135,0,7.98648648648649,12,43200
"170","2024-05-13 02:00:00|Monitor81.txt|01",651600,0,FALSE,TRUE,"not injected","FR",0.0094650516387508,657,7,181,362,10860,7,0.108108108108108,2,17.5405405405405,2,9.60810810810811,13,46800
"171","2024-05-13 02:00:00|Monitor81.txt|01",655200,0,FALSE,TRUE,"not injected","FR",0.00770798807071907,657,7,182,364,10920,7,0.202702702702703,0,6.24324324324324,0,4.64864864864865,14,50400
"172","2024-05-13 02:00:00|Monitor81.txt|01",658800,0,FALSE,TRUE,"not injected","FR",0.00581295811646446,657,7,183,366,10980,7,0.0810810810810811,0,1.72972972972973,0,0.932432432432432,15,54000
"173","2024-05-13 02:00:00|Monitor81.txt|01",662400,0,FALSE,TRUE,"not injected","FR",0.00406161332522779,657,7,184,368,11040,7,0,0,1.04054054054054,0,0.72972972972973,16,57600
"174","2024-05-13 02:00:00|Monitor81.txt|01",666000,0,FALSE,TRUE,"not injected","FR",0.00260637591758715,657,7,185,370,11100,7,0,0,0.324324324324324,0,0.0405405405405405,17,61200
"175","2024-05-13 02:00:00|Monitor81.txt|01",669600,0,FALSE,TRUE,"not injected","FR",0.00150189793918077,657,7,186,372,11160,7,0,0,0.216216216216216,0,0.189189189189189,18,64800
"176","2024-05-13 02:00:00|Monitor81.txt|01",673200,0,FALSE,TRUE,"not injected","FR",0.000739453905447657,657,7,187,374,11220,7,0,0,0.0540540540540541,0,0.0540540540540541,19,68400
"177","2024-05-13 02:00:00|Monitor81.txt|01",676800,0,FALSE,TRUE,"not injected","FR",0.000273242804005249,657,7,188,376,11280,7,0,0,0.202702702702703,0,0.202702702702703,20,72000
"178","2024-05-13 02:00:00|Monitor81.txt|01",680400,0,FALSE,TRUE,"not injected","FR",3.87026615308948e-05,657,7,189,378,11340,7,0,0,0.0810810810810811,0,0.0540540540540541,21,75600
"179","2024-05-13 02:00:00|Monitor81.txt|01",684000,0,FALSE,TRUE,"not injected","FR",-3.61456876887252e-05,657,7,190,380,11400,7,0.0135135135135135,0,0.0405405405405405,0,0.0405405405405405,22,79200
"180","2024-05-13 02:00:00|Monitor81.txt|01",687600,0,FALSE,TRUE,"not injected","FR",-2.48351645402712e-05,657,7,191,382,11460,7,0,0,0.0945945945945946,0,0.0810810810810811,23,82800
"181","2024-05-13 02:00:00|Monitor81.txt|01",691200,0,FALSE,TRUE,"not injected","FR",-3.80737970847582e-07,657,8,192,384,11520,24,0,0,0,0,0,0,0
"182","2024-05-13 02:00:00|Monitor81.txt|01",694800,0,FALSE,TRUE,"not injected","Not-used",0.00660373790864814,657,8,193,386,11580,24,0,0,0.0945945945945946,0,0.027027027027027,1,3600
"183","2024-05-13 02:00:00|Monitor81.txt|01",698400,0,FALSE,TRUE,"not injected","Not-used",0.00885687208390805,657,8,194,388,11640,24,0,0,0.0135135135135135,0,0,2,7200
"184","2024-05-13 02:00:00|Monitor81.txt|01",702000,0,FALSE,TRUE,"not injected","Not-used",0.0109800735362218,657,8,195,390,11700,24,0,0,0.148648648648649,0,0.148648648648649,3,10800
"185","2024-05-13 02:00:00|Monitor81.txt|01",705600,0,FALSE,TRUE,"not injected","Not-used",0.0124446270089807,657,8,196,392,11760,24,0,0,2.55405405405405,0,0.662162162162162,4,14400
"186","2024-05-13 02:00:00|Monitor81.txt|01",709200,0,FALSE,TRUE,"not injected","Not-used",0.0124632941995794,657,8,197,394,11820,24,0.0405405405405405,0,3.43243243243243,0,1.47297297297297,5,18000
"187","2024-05-13 02:00:00|Monitor81.txt|01",712800,2,TRUE,FALSE,"not injected","Not-used",0.00995860506534431,657,8,198,396,11880,24,0.0405405405405405,24,1.56756756756757,19,0.675675675675676,6,21600
"188","2024-05-13 02:00:00|Monitor81.txt|01",716400,0,FALSE,TRUE,"not injected","Not-used",0.00431403110025878,657,8,199,398,11940,24,0,0,2.7027027027027,0,0.797297297297297,7,25200
"189","2024-05-13 02:00:00|Monitor81.txt|01",720000,0,FALSE,TRUE,"not injected","Not-used",5.67680040604503e-05,657,8,200,400,12000,24,0.0405405405405405,0,0.0405405405405405,0,0.0405405405405405,8,28800
"190","2024-05-13 02:00:00|Monitor82.txt|01",46380,0,FALSE,TRUE,"ds5681","LD",6.99316316111432e-07,86,0,12,25,773,0,0.229166666666667,0,0.418367346938776,0,0.418367346938776,12,46380
"191","2024-05-13 02:00:00|Monitor82.txt|01",46800,0,FALSE,TRUE,"ds5681","LD",9.9318089996271e-07,86,0,13,26,780,0,0.0208333333333333,0,14.2772925764192,0,10.519495412844,13,46800
"192","2024-05-13 02:00:00|Monitor82.txt|01",50400,0,FALSE,TRUE,"ds5681","LD",4.28080943188677e-06,86,0,14,28,840,0,0,0,3.046875,0,1.21875,14,50400
"193","2024-05-13 02:00:00|Monitor82.txt|01",54000,0,FALSE,TRUE,"ds5681","LD",9.13826160834775e-06,86,0,15,30,900,0,0.09375,0,3.171875,0,1.53125,15,54000
"194","2024-05-13 02:00:00|Monitor82.txt|01",57600,0,FALSE,TRUE,"ds5681","LD",1.57423825068596e-05,86,0,16,32,960,0,0,0,3.09375,0,1.6875,16,57600
"195","2024-05-13 02:00:00|Monitor82.txt|01",61200,0,FALSE,TRUE,"ds5681","LD",2.4045758327203e-05,86,0,17,34,1020,0,0.046875,0,3.078125,0,1.625,17,61200
"196","2024-05-13 02:00:00|Monitor82.txt|01",64800,0,FALSE,TRUE,"ds5681","LD",3.36198410137637e-05,86,0,18,36,1080,0,0.0625,0,3.390625,0,1.578125,18,64800
"197","2024-05-13 02:00:00|Monitor82.txt|01",68400,0,FALSE,TRUE,"ds5681","LD",4.34591716124161e-05,86,0,19,38,1140,0,0.015625,0,3.375,0,1.296875,19,68400
"198","2024-05-13 02:00:00|Monitor82.txt|01",72000,0,FALSE,TRUE,"ds5681","LD",5.17576707735226e-05,86,0,20,40,1200,0,0.09375,0,4.265625,0,1.9375,20,72000
"199","2024-05-13 02:00:00|Monitor82.txt|01",75600,0,FALSE,TRUE,"ds5681","LD",5.56817960509733e-05,86,0,21,42,1260,0,0,0,5.109375,0,2.703125,21,75600
"200","2024-05-13 02:00:00|Monitor82.txt|01",79200,0,FALSE,TRUE,"ds5681","LD",5.11844189371063e-05,86,0,22,44,1320,0,0.015625,0,3.71875,0,1.9375,22,79200
"201","2024-05-13 02:00:00|Monitor82.txt|01",82800,0,FALSE,TRUE,"ds5681","LD",3.29275488694815e-05,86,0,23,46,1380,0,0.21875,0,4.546875,0,2.25,23,82800
"202","2024-05-13 02:00:00|Monitor82.txt|01",86400,0,FALSE,TRUE,"ds5681","LD",-5.58953794164366e-06,86,1,24,48,1440,25,0.09375,0,4.515625,0,4.375,0,0
"203","2024-05-13 02:00:00|Monitor82.txt|01",90000,0,FALSE,TRUE,"ds5681","LD",-7.15703215044719e-05,86,1,25,50,1500,25,0,0,0.21875,0,0.21875,1,3600
"204","2024-05-13 02:00:00|Monitor82.txt|01",93600,0,FALSE,TRUE,"ds5681","LD",-0.000171976432672,86,1,26,52,1560,25,0,0,0.015625,0,0.015625,2,7200
"205","2024-05-13 02:00:00|Monitor82.txt|01",97200,0,FALSE,TRUE,"ds5681","LD",-0.000311930847757362,86,1,27,54,1620,25,0,0,0.109375,0,0,3,10800
"206","2024-05-13 02:00:00|Monitor82.txt|01",100800,0,FALSE,TRUE,"ds5681","LD",-0.000492309649789744,86,1,28,56,1680,25,0,0,0.03125,0,0.03125,4,14400
"207","2024-05-13 02:00:00|Monitor82.txt|01",104400,0,FALSE,TRUE,"ds5681","LD",-0.000706410069088952,86,1,29,58,1740,25,0,0,0.046875,0,0.03125,5,18000
"208","2024-05-13 02:00:00|Monitor82.txt|01",108000,0,FALSE,TRUE,"ds5681","LD",-0.000935687181439045,86,1,30,60,1800,25,0,0,0.25,0,0.203125,6,21600
"209","2024-05-13 02:00:00|Monitor82.txt|01",111600,0,FALSE,TRUE,"ds5681","LD",-0.00114473558075165,86,1,31,62,1860,25,0,0,0.015625,0,0.015625,7,25200
"210","2024-05-13 02:00:00|Monitor82.txt|01",115200,0,FALSE,TRUE,"ds5681","LD",-0.00127597697504513,86,1,32,64,1920,25,0,0,0.078125,0,0.046875,8,28800
"211","2024-05-13 02:00:00|Monitor82.txt|01",118800,0,FALSE,TRUE,"ds5681","LD",-0.00124491680753266,86,1,33,66,1980,25,0,0,0,0,0,9,32400
"212","2024-05-13 02:00:00|Monitor82.txt|01",122400,0,FALSE,TRUE,"ds5681","LD",-0.000937358077678957,86,1,34,68,2040,25,0,0,1.640625,0,0,10,36000
"213","2024-05-13 02:00:00|Monitor82.txt|01",126000,0,FALSE,TRUE,"ds5681","LD",-0.000210592915002646,86,1,35,70,2100,25,0,0,0.140625,0,0.078125,11,39600
"214","2024-05-13 02:00:00|Monitor82.txt|01",129600,0,FALSE,TRUE,"ds5681","LD",0.00109871691408263,86,1,36,72,2160,25,0,0,1.109375,0,0.125,12,43200
"215","2024-05-13 02:00:00|Monitor82.txt|01",133200,0,FALSE,TRUE,"ds5681","LD",0.00315660784931191,86,1,37,74,2220,25,0.09375,1,139.5,0,100.109375,13,46800
"216","2024-05-13 02:00:00|Monitor82.txt|01",136800,0,FALSE,TRUE,"ds5681","LD",0.00610829315469624,86,1,38,76,2280,25,0.28125,0,17.453125,0,12.828125,14,50400
"217","2024-05-13 02:00:00|Monitor82.txt|01",140400,0,FALSE,TRUE,"ds5681","LD",0.010210276045039,86,1,39,78,2340,25,0.03125,0,6.421875,0,3.5,15,54000
"218","2024-05-13 02:00:00|Monitor82.txt|01",144000,0,FALSE,TRUE,"ds5681","LD",0.0157591335880528,86,1,40,80,2400,25,0.0625,0,4.390625,0,2.15625,16,57600
"219","2024-05-13 02:00:00|Monitor82.txt|01",147600,0,FALSE,TRUE,"ds5681","LD",0.0228111534871581,86,1,41,82,2460,25,0.125,0,3.375,0,1.40625,17,61200
"220","2024-05-13 02:00:00|Monitor82.txt|01",151200,0,FALSE,TRUE,"ds5681","LD",0.0310418684670643,86,1,42,84,2520,25,0,0,2.890625,0,1.46875,18,64800
"221","2024-05-13 02:00:00|Monitor82.txt|01",154800,0,FALSE,TRUE,"ds5681","LD",0.0395796274121029,86,1,43,86,2580,25,0,7,3.234375,0,1.640625,19,68400
"222","2024-05-13 02:00:00|Monitor82.txt|01",158400,0,FALSE,TRUE,"ds5681","LD",0.046830062330071,86,1,44,88,2640,25,0.0625,0,2.40625,0,1.046875,20,72000
"223","2024-05-13 02:00:00|Monitor82.txt|01",162000,0,FALSE,TRUE,"ds5681","LD",0.0510617258694149,86,1,45,90,2700,25,0.046875,11,4.09375,0,1.359375,21,75600
"224","2024-05-13 02:00:00|Monitor82.txt|01",165600,0,FALSE,TRUE,"ds5681","LD",0.0511298247512903,86,1,46,92,2760,25,0.046875,6,2.75,4,1.078125,22,79200
"225","2024-05-13 02:00:00|Monitor82.txt|01",169200,0,FALSE,TRUE,"ds5681","LD",0.0460198576728258,86,1,47,94,2820,25,0.078125,0,5.75,0,2.625,23,82800
"226","2024-05-13 02:00:00|Monitor82.txt|01",172800,0,FALSE,TRUE,"ds5681","LD",0.0376439184105135,86,2,48,96,2880,6,0,0,5.171875,0,4.96875,0,0
"227","2024-05-13 02:00:00|Monitor82.txt|01",176400,0,FALSE,TRUE,"ds5681","LD",0.0283561453811493,86,2,49,98,2940,6,0,0,0.0625,0,0.03125,1,3600
"228","2024-05-13 02:00:00|Monitor82.txt|01",180000,0,FALSE,TRUE,"ds5681","LD",0.0196540766991281,86,2,50,100,3000,6,0,0,0.0625,0,0.0625,2,7200
"229","2024-05-13 02:00:00|Monitor82.txt|01",183600,0,FALSE,TRUE,"ds5681","LD",0.0123585437840907,86,2,51,102,3060,6,0,0,0,0,0,3,10800
"230","2024-05-13 02:00:00|Monitor82.txt|01",187200,0,FALSE,TRUE,"ds5681","LD",0.00681737425898177,86,2,52,104,3120,6,0,0,0.0625,0,0.0625,4,14400
"231","2024-05-13 02:00:00|Monitor82.txt|01",190800,0,FALSE,TRUE,"ds5681","LD",0.00307751955121523,86,2,53,106,3180,6,0,0,0.03125,0,0.015625,5,18000
"232","2024-05-13 02:00:00|Monitor82.txt|01",194400,0,FALSE,TRUE,"ds5681","LD",0.00101665231724029,86,2,54,108,3240,6,0,0,0.015625,0,0,6,21600
"233","2024-05-13 02:00:00|Monitor82.txt|01",198000,0,FALSE,TRUE,"ds5681","LD",0.00043259517422181,86,2,55,110,3300,6,0,0,0,0,0,7,25200
"234","2024-05-13 02:00:00|Monitor82.txt|01",201600,0,FALSE,TRUE,"ds5681","LD",0.00109313535026112,86,2,56,112,3360,6,0,0,0,0,0,8,28800
"235","2024-05-13 02:00:00|Monitor82.txt|01",205200,0,FALSE,TRUE,"ds5681","LD",0.00275083601013477,86,2,57,114,3420,6,0,0,0,0,0,9,32400
"236","2024-05-13 02:00:00|Monitor82.txt|01",208800,0,FALSE,TRUE,"ds5681","LD",0.0051283081500572,86,2,58,116,3480,6,0,0,0.0625,0,0.0625,10,36000
"237","2024-05-13 02:00:00|Monitor82.txt|01",212400,0,FALSE,TRUE,"ds5681","LD",0.00787988617047241,86,2,59,118,3540,6,0,0,0.109375,0,0.109375,11,39600
"238","2024-05-13 02:00:00|Monitor82.txt|01",216000,0,FALSE,TRUE,"ds5681","LD",0.0105364561554467,86,2,60,120,3600,6,0,0,1.671875,0,0.0625,12,43200
"239","2024-05-13 02:00:00|Monitor82.txt|01",219600,0,FALSE,TRUE,"ds5681","LD",0.0124418764975367,86,2,61,122,3660,6,0.3125,5,183.953125,5,139.1875,13,46800
"240","2024-05-13 02:00:00|Monitor82.txt|01",223200,0,FALSE,TRUE,"ds5681","LD",0.01280860046609,86,2,62,124,3720,6,0.265625,1,12.078125,0,9.296875,14,50400
"241","2024-05-13 02:00:00|Monitor82.txt|01",226800,0,FALSE,TRUE,"ds5681","LD",0.0117186498804779,86,2,63,126,3780,6,0.125,0,2.65625,0,1.34375,15,54000
"242","2024-05-13 02:00:00|Monitor82.txt|01",230400,0,FALSE,TRUE,"ds5681","LD",0.00974634429367451,86,2,64,128,3840,6,0,0,1.390625,0,0.9375,16,57600
"243","2024-05-13 02:00:00|Monitor82.txt|01",234000,0,FALSE,TRUE,"ds5681","LD",0.00745930832879076,86,2,65,130,3900,6,0,0,1.03125,0,0.5625,17,61200
"244","2024-05-13 02:00:00|Monitor82.txt|01",237600,0,FALSE,TRUE,"ds5681","LD",0.00523765518261573,86,2,66,132,3960,6,0,0,0.90625,0,0.375,18,64800
"245","2024-05-13 02:00:00|Monitor82.txt|01",241200,0,FALSE,TRUE,"ds5681","LD",0.00328383673446525,86,2,67,134,4020,6,0,0,1.109375,0,0.578125,19,68400
"246","2024-05-13 02:00:00|Monitor82.txt|01",244800,0,FALSE,TRUE,"ds5681","LD",0.00167467743547863,86,2,68,136,4080,6,0.03125,0,1.234375,0,0.859375,20,72000
"247","2024-05-13 02:00:00|Monitor82.txt|01",248400,0,FALSE,TRUE,"ds5681","LD",0.00040753659425065,86,2,69,138,4140,6,0,0,1.6875,0,1.078125,21,75600
"248","2024-05-13 02:00:00|Monitor82.txt|01",252000,0,FALSE,TRUE,"ds5681","LD",-0.000561411099088159,86,2,70,140,4200,6,0,0,1.3125,0,0.484375,22,79200
"249","2024-05-13 02:00:00|Monitor82.txt|01",255600,0,FALSE,TRUE,"ds5681","LD",-0.00128686582018475,86,2,71,142,4260,6,0.078125,0,2.84375,0,2.140625,23,82800
"250","2024-05-13 02:00:00|Monitor82.txt|01",259200,0,FALSE,TRUE,"ds5681","LD",-0.00181114154978779,86,3,72,144,4320,20,0,0,5.3125,0,5.28125,0,0
"251","2024-05-13 02:00:00|Monitor82.txt|01",262800,0,FALSE,TRUE,"ds5681","LD",-0.00214674503909467,86,3,73,146,4380,20,0,0,0.015625,0,0.015625,1,3600
"252","2024-05-13 02:00:00|Monitor82.txt|01",266400,0,FALSE,TRUE,"ds5681","LD",-0.00226385755120356,86,3,74,148,4440,20,0,0,0.109375,0,0.09375,2,7200
"253","2024-05-13 02:00:00|Monitor82.txt|01",270000,0,FALSE,TRUE,"ds5681","LD",-0.00208247157990765,86,3,75,150,4500,20,0,0,0.046875,0,0.015625,3,10800
"254","2024-05-13 02:00:00|Monitor82.txt|01",273600,0,FALSE,TRUE,"ds5681","LD",-0.001469922898138,86,3,76,152,4560,20,0,0,0,0,0,4,14400
"255","2024-05-13 02:00:00|Monitor82.txt|01",277200,0,FALSE,TRUE,"ds5681","LD",-0.000245730512912982,86,3,77,154,4620,20,0,0,0.125,0,0.09375,5,18000
"256","2024-05-13 02:00:00|Monitor82.txt|01",280800,0,FALSE,TRUE,"ds5681","LD",0.00180311956227113,86,3,78,156,4680,20,0,0,0,0,0,6,21600
"257","2024-05-13 02:00:00|Monitor82.txt|01",284400,0,FALSE,TRUE,"ds5681","LD",0.00489221501585046,86,3,79,158,4740,20,0,0,2.640625,0,0.03125,7,25200
"258","2024-05-13 02:00:00|Monitor82.txt|01",288000,0,FALSE,TRUE,"ds5681","LD",0.00919013520526827,86,3,80,160,4800,20,0,0,0,0,0,8,28800
"259","2024-05-13 02:00:00|Monitor82.txt|01",291600,0,FALSE,TRUE,"ds5681","LD",0.014744315770793,86,3,81,162,4860,20,0,0,0.125,0,0,9,32400
"260","2024-05-13 02:00:00|Monitor82.txt|01",295200,0,FALSE,TRUE,"ds5681","LD",0.0213786446396313,86,3,82,164,4920,20,0,0,0.15625,0,0.125,10,36000
"261","2024-05-13 02:00:00|Monitor82.txt|01",298800,0,FALSE,TRUE,"ds5681","LD",0.0285620673882707,86,3,83,166,4980,20,0,0,0.203125,0,0.109375,11,39600
"262","2024-05-13 02:00:00|Monitor82.txt|01",302400,0,FALSE,TRUE,"ds5681","LD",0.0352529114558635,86,3,84,168,5040,20,0,0,5.484375,0,0.8125,12,43200
"263","2024-05-13 02:00:00|Monitor82.txt|01",306000,0,FALSE,TRUE,"ds5681","LD",0.0397321764604797,86,3,85,170,5100,20,0.40625,17,212.96875,14,166.828125,13,46800
"264","2024-05-13 02:00:00|Monitor82.txt|01",309600,0,FALSE,TRUE,"ds5681","LD",0.0398159865659823,86,3,86,172,5160,20,0.21875,0,6.875,0,5.53125,14,50400
"265","2024-05-13 02:00:00|Monitor82.txt|01",313200,0,FALSE,TRUE,"ds5681","LD",0.0359949634429532,86,3,87,174,5220,20,0.015625,0,0.9375,0,0.546875,15,54000
"266","2024-05-13 02:00:00|Monitor82.txt|01",316800,0,FALSE,TRUE,"ds5681","LD",0.0304700275290892,86,3,88,176,5280,20,0,0,1.25,0,0.78125,16,57600
"267","2024-05-13 02:00:00|Monitor82.txt|01",320400,0,FALSE,TRUE,"ds5681","LD",0.0247226831082736,86,3,89,178,5340,20,0.046875,0,0.609375,0,0.234375,17,61200
"268","2024-05-13 02:00:00|Monitor82.txt|01",324000,0,FALSE,TRUE,"ds5681","LD",0.0195106588819891,86,3,90,180,5400,20,0.015625,0,0.703125,0,0.5,18,64800
"269","2024-05-13 02:00:00|Monitor82.txt|01",327600,0,FALSE,TRUE,"ds5681","LD",0.0150015899845231,86,3,91,182,5460,20,0,3,0.359375,1,0.140625,19,68400
"270","2024-05-13 02:00:00|Monitor82.txt|01",331200,0,FALSE,TRUE,"ds5681","LD",0.010937343959126,86,3,92,184,5520,20,0.015625,0,0.375,0,0.28125,20,72000
"271","2024-05-13 02:00:00|Monitor82.txt|01",334800,0,FALSE,TRUE,"ds5681","LD",0.00721822700759308,86,3,93,186,5580,20,0,0,0.984375,0,0.203125,21,75600
"272","2024-05-13 02:00:00|Monitor82.txt|01",338400,0,FALSE,TRUE,"ds5681","LD",0.0040634415869135,86,3,94,188,5640,20,0,0,1.8125,0,1.59375,22,79200
"273","2024-05-13 02:00:00|Monitor82.txt|01",342000,0,FALSE,TRUE,"ds5681","LD",0.00156901696901913,86,3,95,190,5700,20,0,0,0.75,0,0.34375,23,82800
"274","2024-05-13 02:00:00|Monitor82.txt|01",345600,0,FALSE,TRUE,"ds5681","LD",-0.000268275781868318,86,4,96,192,5760,15,0.046875,0,5.203125,0,5.140625,0,0
"275","2024-05-13 02:00:00|Monitor82.txt|01",349200,0,FALSE,TRUE,"ds5681","LD",-0.00149158700848063,86,4,97,194,5820,15,0,0,0,0,0,1,3600
"276","2024-05-13 02:00:00|Monitor82.txt|01",352800,0,FALSE,TRUE,"ds5681","LD",-0.00214012166862876,86,4,98,196,5880,15,0,0,0,0,0,2,7200
"277","2024-05-13 02:00:00|Monitor82.txt|01",356400,0,FALSE,TRUE,"ds5681","LD",-0.00221989028967243,86,4,99,198,5940,15,0,0,0,0,0,3,10800
"278","2024-05-13 02:00:00|Monitor82.txt|01",360000,0,FALSE,TRUE,"ds5681","LD",-0.00168826126756735,86,4,100,200,6000,15,0,0,0,0,0,4,14400
"279","2024-05-13 02:00:00|Monitor82.txt|01",363600,0,FALSE,TRUE,"ds5681","LD",-0.000452232826608079,86,4,101,202,6060,15,0,0,0,0,0,5,18000
"280","2024-05-13 02:00:00|Monitor82.txt|01",367200,0,FALSE,TRUE,"ds5681","LD",0.00161855461512442,86,4,102,204,6120,15,0,0,0,0,0,6,21600
"281","2024-05-13 02:00:00|Monitor82.txt|01",370800,0,FALSE,TRUE,"ds5681","LD",0.00466190545141177,86,4,103,206,6180,15,0,0,0,0,0,7,25200
"282","2024-05-13 02:00:00|Monitor82.txt|01",374400,0,FALSE,TRUE,"ds5681","LD",0.00877327359861284,86,4,104,208,6240,15,0,0,0,0,0,8,28800
"283","2024-05-13 02:00:00|Monitor82.txt|01",378000,0,FALSE,TRUE,"ds5681","LD",0.0139330050371193,86,4,105,210,6300,15,0,0,0,0,0,9,32400
"284","2024-05-13 02:00:00|Monitor82.txt|01",381600,0,FALSE,TRUE,"ds5681","LD",0.0199086365783694,86,4,106,212,6360,15,0,0,0,0,0,10,36000
"285","2024-05-13 02:00:00|Monitor82.txt|01",385200,0,FALSE,TRUE,"ds5681","LD",0.0261331057442216,86,4,107,214,6420,15,0,0,0,0,0,11,39600
"286","2024-05-13 02:00:00|Monitor82.txt|01",388800,0,FALSE,TRUE,"ds5681","LD",0.0315648833401612,86,4,108,216,6480,15,0,0,6.515625,0,0.3125,12,43200
"287","2024-05-13 02:00:00|Monitor82.txt|01",392400,0,FALSE,TRUE,"ds5681","LD",0.0345440696480601,86,4,109,218,6540,15,0.140625,15,215,15,177.46875,13,46800
"288","2024-05-13 02:00:00|Monitor82.txt|01",396000,0,FALSE,TRUE,"ds5681","LD",0.0331970861485816,86,4,110,220,6600,15,0.171875,0,3.546875,0,2.84375,14,50400
"289","2024-05-13 02:00:00|Monitor82.txt|01",399600,0,FALSE,TRUE,"ds5681","LD",0.0285613436956218,86,4,111,222,6660,15,0.03125,0,0.90625,0,0.78125,15,54000
"290","2024-05-13 02:00:00|Monitor82.txt|01",403200,0,FALSE,TRUE,"ds5681","LD",0.0225875144016257,86,4,112,224,6720,15,0,0,0.84375,0,0.140625,16,57600
"291","2024-05-13 02:00:00|Monitor82.txt|01",406800,0,FALSE,TRUE,"ds5681","LD",0.016565611259331,86,4,113,226,6780,15,0,0,0.1875,0,0.03125,17,61200
"292","2024-05-13 02:00:00|Monitor82.txt|01",410400,0,FALSE,TRUE,"ds5681","LD",0.0112486472539703,86,4,114,228,6840,15,0,0,0.234375,0,0.0625,18,64800
"293","2024-05-13 02:00:00|Monitor82.txt|01",414000,0,FALSE,TRUE,"ds5681","LD",0.00699286581044489,86,4,115,230,6900,15,0,0,0.109375,0,0.03125,19,68400
"294","2024-05-13 02:00:00|Monitor82.txt|01",417600,0,FALSE,TRUE,"ds5681","LD",0.00388277943283773,86,4,116,232,6960,15,0,0,0.671875,0,0.59375,20,72000
"295","2024-05-13 02:00:00|Monitor82.txt|01",421200,0,FALSE,TRUE,"ds5681","LD",0.00183204825141268,86,4,117,234,7020,15,0,0,0.109375,0,0.046875,21,75600
"296","2024-05-13 02:00:00|Monitor82.txt|01",424800,0,FALSE,TRUE,"ds5681","LD",0.000657788483941004,86,4,118,236,7080,15,0,0,0.265625,0,0.109375,22,79200
"297","2024-05-13 02:00:00|Monitor82.txt|01",428400,0,FALSE,TRUE,"ds5681","LD",0.000130069509530384,86,4,119,238,7140,15,0,0,0.375,0,0.25,23,82800
"298","2024-05-13 02:00:00|Monitor82.txt|01",432000,0,FALSE,TRUE,"ds5681","LD",7.52718674513795e-07,86,5,120,240,7200,15,0.015625,0,0.9375,0,0.671875,0,0
"299","2024-05-13 02:00:00|Monitor82.txt|01",435600,0,FALSE,TRUE,"ds5681","FR",0.00219135423816674,86,5,121,242,7260,15,0,0,0.78125,0,0.265625,1,3600
"300","2024-05-13 02:00:00|Monitor82.txt|01",439200,0,FALSE,TRUE,"ds5681","FR",0.00494131513379938,86,5,122,244,7320,15,0,0,0.359375,0,0.15625,2,7200
"301","2024-05-13 02:00:00|Monitor82.txt|01",442800,0,FALSE,TRUE,"ds5681","FR",0.00872738182976962,86,5,123,246,7380,15,0,0,0.1875,0,0.03125,3,10800
"302","2024-05-13 02:00:00|Monitor82.txt|01",446400,0,FALSE,TRUE,"ds5681","FR",0.0135481847317435,86,5,124,248,7440,15,0,0,0.109375,0,0.109375,4,14400
"303","2024-05-13 02:00:00|Monitor82.txt|01",450000,0,FALSE,TRUE,"ds5681","FR",0.0191906905458498,86,5,125,250,7500,15,0,0,0.03125,0,0,5,18000
"304","2024-05-13 02:00:00|Monitor82.txt|01",453600,0,FALSE,TRUE,"ds5681","FR",0.0251163957176012,86,5,126,252,7560,15,0,1,0.09375,0,0.03125,6,21600
"305","2024-05-13 02:00:00|Monitor82.txt|01",457200,0,FALSE,TRUE,"ds5681","FR",0.0303353046449427,86,5,127,254,7620,15,0,2,0.515625,0,0.328125,7,25200
"306","2024-05-13 02:00:00|Monitor82.txt|01",460800,0,FALSE,TRUE,"ds5681","FR",0.0334543992547272,86,5,128,256,7680,15,0,8,0.296875,5,0.171875,8,28800
"307","2024-05-13 02:00:00|Monitor82.txt|01",464400,1,TRUE,FALSE,"ds5681","FR",0.0330404194179935,86,5,129,258,7740,15,0.015625,4,0.265625,4,0.15625,9,32400
"308","2024-05-13 02:00:00|Monitor82.txt|01",468000,0,FALSE,TRUE,"ds5681","FR",0.0291503550194256,86,5,130,260,7800,15,0,0,0.078125,0,0.015625,10,36000
"309","2024-05-13 02:00:00|Monitor82.txt|01",471600,0,FALSE,TRUE,"ds5681","FR",0.0235144880985599,86,5,131,262,7860,15,0,0,0.140625,0,0.078125,11,39600
"310","2024-05-13 02:00:00|Monitor82.txt|01",475200,0,FALSE,TRUE,"ds5681","FR",0.0175344394679212,86,5,132,264,7920,15,0,0,5.015625,0,0.75,12,43200
"311","2024-05-13 02:00:00|Monitor82.txt|01",478800,0,FALSE,TRUE,"ds5681","FR",0.0120542722575789,86,5,133,266,7980,15,0.734375,0,52.65625,0,28.203125,13,46800
"312","2024-05-13 02:00:00|Monitor82.txt|01",482400,0,FALSE,TRUE,"ds5681","FR",0.00749905196302815,86,5,134,268,8040,15,0.578125,0,18.296875,0,11.421875,14,50400
"313","2024-05-13 02:00:00|Monitor82.txt|01",486000,0,FALSE,TRUE,"ds5681","FR",0.00400349355354757,86,5,135,270,8100,15,0.203125,0,7.84375,0,4.546875,15,54000
"314","2024-05-13 02:00:00|Monitor82.txt|01",489600,0,FALSE,TRUE,"ds5681","FR",0.00151976237238771,86,5,136,272,8160,15,0,0,4.78125,0,2.96875,16,57600
"315","2024-05-13 02:00:00|Monitor82.txt|01",493200,0,FALSE,TRUE,"ds5681","FR",-9.92025639691945e-05,86,5,137,274,8220,15,0,0,2.203125,0,1.15625,17,61200
"316","2024-05-13 02:00:00|Monitor82.txt|01",496800,0,FALSE,TRUE,"ds5681","FR",-0.00104003567574852,86,5,138,276,8280,15,0.015625,0,1.875,0,0.75,18,64800
"317","2024-05-13 02:00:00|Monitor82.txt|01",500400,0,FALSE,TRUE,"ds5681","FR",-0.00148970141174047,86,5,139,278,8340,15,0.25,0,1.296875,0,1.21875,19,68400
"318","2024-05-13 02:00:00|Monitor82.txt|01",504000,0,FALSE,TRUE,"ds5681","FR",-0.00161237729543037,86,5,140,280,8400,15,0.03125,0,0.796875,0,0.75,20,72000
"319","2024-05-13 02:00:00|Monitor82.txt|01",507600,0,FALSE,TRUE,"ds5681","FR",-0.0015381085947043,86,5,141,282,8460,15,0.03125,0,0.1875,0,0.0625,21,75600
"320","2024-05-13 02:00:00|Monitor82.txt|01",511200,0,FALSE,TRUE,"ds5681","FR",-0.00135937503384469,86,5,142,284,8520,15,0,0,0.203125,0,0.140625,22,79200
"321","2024-05-13 02:00:00|Monitor82.txt|01",514800,0,FALSE,TRUE,"ds5681","FR",-0.00113249034409544,86,5,143,286,8580,15,0.015625,0,1.0625,0,0.171875,23,82800
"322","2024-05-13 02:00:00|Monitor82.txt|01",518400,0,FALSE,TRUE,"ds5681","FR",-0.000881629690751316,86,6,144,288,8640,3,0,0,0.078125,0,0.015625,0,0
"323","2024-05-13 02:00:00|Monitor82.txt|01",522000,0,FALSE,TRUE,"ds5681","FR",-0.00060412971581604,86,6,145,290,8700,3,0,0,0.140625,0,0.078125,1,3600
"324","2024-05-13 02:00:00|Monitor82.txt|01",525600,0,FALSE,TRUE,"ds5681","FR",-0.00027646522819964,86,6,146,292,8760,3,0,0,0.25,0,0.234375,2,7200
"325","2024-05-13 02:00:00|Monitor82.txt|01",529200,0,FALSE,TRUE,"ds5681","FR",0.000139057819156559,86,6,147,294,8820,3,0,0,0.125,0,0.125,3,10800
"326","2024-05-13 02:00:00|Monitor82.txt|01",532800,0,FALSE,TRUE,"ds5681","FR",0.000686360117072954,86,6,148,296,8880,3,0,0,0.15625,0,0.078125,4,14400
"327","2024-05-13 02:00:00|Monitor82.txt|01",536400,0,FALSE,TRUE,"ds5681","FR",0.0014055325861314,86,6,149,298,8940,3,0,0,0.03125,0,0.03125,5,18000
"328","2024-05-13 02:00:00|Monitor82.txt|01",540000,0,FALSE,TRUE,"ds5681","FR",0.00231966109263791,86,6,150,300,9000,3,0,0,0.171875,0,0.015625,6,21600
"329","2024-05-13 02:00:00|Monitor82.txt|01",543600,0,FALSE,TRUE,"ds5681","FR",0.00341763107711762,86,6,151,302,9060,3,0,0,0.109375,0,0.078125,7,25200
"330","2024-05-13 02:00:00|Monitor82.txt|01",547200,0,FALSE,TRUE,"ds5681","FR",0.00463243124576257,86,6,152,304,9120,3,0,0,0.046875,0,0.046875,8,28800
"331","2024-05-13 02:00:00|Monitor82.txt|01",550800,0,FALSE,TRUE,"ds5681","FR",0.00581530670132748,86,6,153,306,9180,3,0,0,0.28125,0,0.0625,9,32400
"332","2024-05-13 02:00:00|Monitor82.txt|01",554400,0,FALSE,TRUE,"ds5681","FR",0.00670745772196657,86,6,154,308,9240,3,0,3,4.421875,0,1.125,10,36000
"333","2024-05-13 02:00:00|Monitor82.txt|01",558000,0,FALSE,TRUE,"ds5681","FR",0.00691646478541759,86,6,155,310,9300,3,0.15625,0,20.796875,0,7.8125,11,39600
"334","2024-05-13 02:00:00|Monitor82.txt|01",561600,0,FALSE,TRUE,"ds5681","FR",0.00626399186970643,86,6,156,312,9360,3,0.328125,0,29.875,0,17,12,43200
"335","2024-05-13 02:00:00|Monitor82.txt|01",565200,0,FALSE,TRUE,"ds5681","FR",0.00513803137255921,86,6,157,314,9420,3,0.484375,0,22.53125,0,14.5,13,46800
"336","2024-05-13 02:00:00|Monitor82.txt|01",568800,0,FALSE,TRUE,"ds5681","FR",0.00386678119181202,86,6,158,316,9480,3,0.25,0,8.765625,0,5.90625,14,50400
"337","2024-05-13 02:00:00|Monitor82.txt|01",572400,0,FALSE,TRUE,"ds5681","FR",0.00265681947781767,86,6,159,318,9540,3,0,0,3.453125,0,1.3125,15,54000
"338","2024-05-13 02:00:00|Monitor82.txt|01",576000,0,FALSE,TRUE,"ds5681","FR",0.00162251906999085,86,6,160,320,9600,3,0,0,1.578125,0,0.890625,16,57600
"339","2024-05-13 02:00:00|Monitor82.txt|01",579600,0,FALSE,TRUE,"ds5681","FR",0.000814369998717901,86,6,161,322,9660,3,0,0,0.5625,0,0.46875,17,61200
"340","2024-05-13 02:00:00|Monitor82.txt|01",583200,0,FALSE,TRUE,"ds5681","FR",0.000243377643854348,86,6,162,324,9720,3,0,0,0.28125,0,0.03125,18,64800
"341","2024-05-13 02:00:00|Monitor82.txt|01",586800,0,FALSE,TRUE,"ds5681","FR",-9.97609941881807e-05,86,6,163,326,9780,3,0,0,0.140625,0,0.09375,19,68400
"342","2024-05-13 02:00:00|Monitor82.txt|01",590400,0,FALSE,TRUE,"ds5681","FR",-0.00023104069674906,86,6,164,328,9840,3,0,0,0.265625,0,0.140625,20,72000
"343","2024-05-13 02:00:00|Monitor82.txt|01",594000,0,FALSE,TRUE,"ds5681","FR",-0.000164923853297959,86,6,165,330,9900,3,0,0,0.328125,0,0.0625,21,75600
"344","2024-05-13 02:00:00|Monitor82.txt|01",597600,0,FALSE,TRUE,"ds5681","FR",8.88390708634894e-05,86,6,166,332,9960,3,0,0,0.234375,0,0.0625,22,79200
"345","2024-05-13 02:00:00|Monitor82.txt|01",601200,0,FALSE,TRUE,"ds5681","FR",0.000523675769986706,86,6,167,334,10020,3,0,0,0.09375,0,0,23,82800
"346","2024-05-13 02:00:00|Monitor82.txt|01",604800,0,FALSE,TRUE,"ds5681","FR",0.00113018301071131,86,7,168,336,10080,2,0,0,0.25,0,0.1875,0,0
"347","2024-05-13 02:00:00|Monitor82.txt|01",608400,0,FALSE,TRUE,"ds5681","FR",0.00188582235987957,86,7,169,338,10140,2,0,0,0.546875,0,0.125,1,3600
"348","2024-05-13 02:00:00|Monitor82.txt|01",612000,0,FALSE,TRUE,"ds5681","FR",0.00274058522557741,86,7,170,340,10200,2,0,0,0.59375,0,0.46875,2,7200
"349","2024-05-13 02:00:00|Monitor82.txt|01",615600,0,FALSE,TRUE,"ds5681","FR",0.00359922008418813,86,7,171,342,10260,2,0.015625,0,0.046875,0,0.03125,3,10800
"350","2024-05-13 02:00:00|Monitor82.txt|01",619200,0,FALSE,TRUE,"ds5681","FR",0.00430128171270584,86,7,172,344,10320,2,0.015625,2,0.109375,0,0.0625,4,14400
"351","2024-05-13 02:00:00|Monitor82.txt|01",622800,0,FALSE,TRUE,"ds5681","FR",0.00460136064189408,86,7,173,346,10380,2,0,0,0.09375,0,0,5,18000
"352","2024-05-13 02:00:00|Monitor82.txt|01",626400,0,FALSE,TRUE,"ds5681","FR",0.00430272516316835,86,7,174,348,10440,2,0,0,0.484375,0,0.15625,6,21600
"353","2024-05-13 02:00:00|Monitor82.txt|01",630000,0,FALSE,TRUE,"ds5681","FR",0.00362859289992888,86,7,175,350,10500,2,0.015625,0,1.921875,0,0.78125,7,25200
"354","2024-05-13 02:00:00|Monitor82.txt|01",633600,0,FALSE,TRUE,"ds5681","FR",0.00281771920030198,86,7,176,352,10560,2,0.0625,0,1.984375,0,1.1875,8,28800
"355","2024-05-13 02:00:00|Monitor82.txt|01",637200,0,FALSE,TRUE,"ds5681","FR",0.00202310419182539,86,7,177,354,10620,2,0,0,9.390625,0,3.8125,9,32400
"356","2024-05-13 02:00:00|Monitor82.txt|01",640800,0,FALSE,TRUE,"ds5681","FR",0.0013306707302972,86,7,178,356,10680,2,0.078125,0,22.578125,0,8.15625,10,36000
"357","2024-05-13 02:00:00|Monitor82.txt|01",644400,0,FALSE,TRUE,"ds5681","FR",0.000777821688321468,86,7,179,358,10740,2,0.3125,0,25.234375,0,10.828125,11,39600
"358","2024-05-13 02:00:00|Monitor82.txt|01",648000,0,FALSE,TRUE,"ds5681","FR",0.000369759517177446,86,7,180,360,10800,2,0.859375,0,24.25,0,13.96875,12,43200
"359","2024-05-13 02:00:00|Monitor82.txt|01",651600,0,FALSE,TRUE,"ds5681","FR",9.26138231412214e-05,86,7,181,362,10860,2,0.328125,0,11.453125,0,6.84375,13,46800
"360","2024-05-13 02:00:00|Monitor82.txt|01",655200,0,FALSE,TRUE,"ds5681","FR",-7.67988309372952e-05,86,7,182,364,10920,2,0,0,5.359375,0,3.234375,14,50400
"361","2024-05-13 02:00:00|Monitor82.txt|01",658800,0,FALSE,TRUE,"ds5681","FR",-0.000164291729566897,86,7,183,366,10980,2,0,0,1.71875,0,1.21875,15,54000
"362","2024-05-13 02:00:00|Monitor82.txt|01",662400,0,FALSE,TRUE,"ds5681","FR",-0.000194176554924052,86,7,184,368,11040,2,0,0,0.609375,0,0.15625,16,57600
"363","2024-05-13 02:00:00|Monitor82.txt|01",666000,0,FALSE,TRUE,"ds5681","FR",-0.000187086160014422,86,7,185,370,11100,2,0.03125,0,0.171875,0,0.0625,17,61200
"364","2024-05-13 02:00:00|Monitor82.txt|01",669600,0,FALSE,TRUE,"ds5681","FR",-0.000159182003192735,86,7,186,372,11160,2,0,0,0.53125,0,0.0625,18,64800
"365","2024-05-13 02:00:00|Monitor82.txt|01",673200,0,FALSE,TRUE,"ds5681","FR",-0.000122258683532057,86,7,187,374,11220,2,0,0,0.15625,0,0.078125,19,68400
"366","2024-05-13 02:00:00|Monitor82.txt|01",676800,0,FALSE,TRUE,"ds5681","FR",-8.43608003782749e-05,86,7,188,376,11280,2,0,0,0.03125,0,0.03125,20,72000
"367","2024-05-13 02:00:00|Monitor82.txt|01",680400,0,FALSE,TRUE,"ds5681","FR",-5.06291840857529e-05,86,7,189,378,11340,2,0,0,0,0,0,21,75600
"368","2024-05-13 02:00:00|Monitor82.txt|01",684000,0,FALSE,TRUE,"ds5681","FR",-2.41818201755757e-05,86,7,190,380,11400,2,0,0,0.03125,0,0.03125,22,79200
"369","2024-05-13 02:00:00|Monitor82.txt|01",687600,0,FALSE,TRUE,"ds5681","FR",-6.90371085492708e-06,86,7,191,382,11460,2,0,0,0.046875,0,0.03125,23,82800
"370","2024-05-13 02:00:00|Monitor82.txt|01",691200,0,FALSE,TRUE,"ds5681","FR",-6.83875560691665e-08,86,8,192,384,11520,0,0,0,0.046875,0,0.046875,0,0
"371","2024-05-13 02:00:00|Monitor82.txt|01",694800,0,FALSE,TRUE,"ds5681","Not-used",0,86,8,193,386,11580,0,0,0,0.21875,0,0.109375,1,3600
"372","2024-05-13 02:00:00|Monitor82.txt|01",698400,0,FALSE,TRUE,"ds5681","Not-used",0,86,8,194,388,11640,0,0,0,0,0,0,2,7200
"373","2024-05-13 02:00:00|Monitor82.txt|01",702000,0,FALSE,TRUE,"ds5681","Not-used",0,86,8,195,390,11700,0,0,0,0.53125,0,0.046875,3,10800
"374","2024-05-13 02:00:00|Monitor82.txt|01",705600,0,FALSE,TRUE,"ds5681","Not-used",0,86,8,196,392,11760,0,0,0,1.0625,0,0.5625,4,14400
"375","2024-05-13 02:00:00|Monitor82.txt|01",709200,0,FALSE,TRUE,"ds5681","Not-used",0,86,8,197,394,11820,0,0,0,3.765625,0,2.25,5,18000
"376","2024-05-13 02:00:00|Monitor82.txt|01",712800,0,FALSE,TRUE,"ds5681","Not-used",0,86,8,198,396,11880,0,0,0,2.34375,0,1.125,6,21600
"377","2024-05-13 02:00:00|Monitor82.txt|01",716400,0,FALSE,TRUE,"ds5681","Not-used",0,86,8,199,398,11940,0,0.03125,0,3.984375,0,1.5,7,25200
"378","2024-05-13 02:00:00|Monitor82.txt|01",720000,0,FALSE,TRUE,"ds5681","Not-used",0,86,8,200,400,12000,0,0.015625,0,0.015625,0,0.015625,8,28800
"379","2024-05-13 02:00:00|Monitor83.txt|03",46380,0,FALSE,TRUE,"dsGFP","LD",0.0104550263251437,1208,0,12,25,773,8,0,0,0.444444444444444,0,0.444444444444444,12,46380
"380","2024-05-13 02:00:00|Monitor83.txt|03",46800,0,FALSE,TRUE,"dsGFP","LD",0.0106200497755235,1208,0,13,26,780,8,0,3,6.95049209662988,0,5.23183828174353,13,46800
"381","2024-05-13 02:00:00|Monitor83.txt|03",50400,0,FALSE,TRUE,"dsGFP","LD",0.0114210875952029,1208,0,14,28,840,8,0.0508474576271186,2,2.20338983050847,2,1.06779661016949,14,50400
"382","2024-05-13 02:00:00|Monitor83.txt|03",54000,0,FALSE,TRUE,"dsGFP","LD",0.010952216914451,1208,0,15,30,900,8,0.0508474576271186,0,2.11864406779661,0,0.88135593220339,15,54000
"383","2024-05-13 02:00:00|Monitor83.txt|03",57600,0,FALSE,TRUE,"dsGFP","LD",0.00984004958750928,1208,0,16,32,960,8,0.338983050847458,0,5.03389830508475,0,3.72881355932203,16,57600
"384","2024-05-13 02:00:00|Monitor83.txt|03",61200,0,FALSE,TRUE,"dsGFP","LD",0.00871068505848389,1208,0,17,34,1020,8,0.0169491525423729,0,2.3728813559322,0,1.47457627118644,17,61200
"385","2024-05-13 02:00:00|Monitor83.txt|03",64800,0,FALSE,TRUE,"dsGFP","LD",0.0079562824061165,1208,0,18,36,1080,8,0.0338983050847458,0,3.5593220338983,0,2.79661016949153,18,64800
"386","2024-05-13 02:00:00|Monitor83.txt|03",68400,0,FALSE,TRUE,"dsGFP","LD",0.0077603506280748,1208,0,19,38,1140,8,0,0,4.32203389830508,0,2.50847457627119,19,68400
"387","2024-05-13 02:00:00|Monitor83.txt|03",72000,0,FALSE,TRUE,"dsGFP","LD",0.00811496256765728,1208,0,20,40,1200,8,0.11864406779661,0,3.25423728813559,0,1.91525423728814,20,72000
"388","2024-05-13 02:00:00|Monitor83.txt|03",75600,0,FALSE,TRUE,"dsGFP","LD",0.00882544612559602,1208,0,21,42,1260,8,0,0,3.10169491525424,0,1.8135593220339,21,75600
"389","2024-05-13 02:00:00|Monitor83.txt|03",79200,0,FALSE,TRUE,"dsGFP","LD",0.00950272268128334,1208,0,22,44,1320,8,0,0,5.83050847457627,0,1.86440677966102,22,79200
"390","2024-05-13 02:00:00|Monitor83.txt|03",82800,0,FALSE,TRUE,"dsGFP","LD",0.00954795292351845,1208,0,23,46,1380,8,0.0169491525423729,3,1.61016949152542,1,0.559322033898305,23,82800
"391","2024-05-13 02:00:00|Monitor83.txt|03",86400,0,FALSE,TRUE,"dsGFP","LD",0.00817962278855634,1208,1,24,48,1440,147,0.0338983050847458,5,3.59322033898305,5,3.33898305084746,0,0
"392","2024-05-13 02:00:00|Monitor83.txt|03",90000,0,FALSE,TRUE,"dsGFP","LD",0.00503017870715309,1208,1,25,50,1500,147,0,0,0.186440677966102,0,0.186440677966102,1,3600
"393","2024-05-13 02:00:00|Monitor83.txt|03",93600,0,FALSE,TRUE,"dsGFP","LD",0.00143009294631542,1208,1,26,52,1560,147,0,0,0,0,0,2,7200
"394","2024-05-13 02:00:00|Monitor83.txt|03",97200,0,FALSE,TRUE,"dsGFP","LD",-0.000800687975254057,1208,1,27,54,1620,147,0,0,0.0338983050847458,0,0.0169491525423729,3,10800
"395","2024-05-13 02:00:00|Monitor83.txt|03",100800,0,FALSE,TRUE,"dsGFP","LD",0.000120349135641802,1208,1,28,56,1680,147,0,0,0,0,0,4,14400
"396","2024-05-13 02:00:00|Monitor83.txt|03",104400,0,FALSE,TRUE,"dsGFP","LD",0.00598226050119513,1208,1,29,58,1740,147,0,0,0.0169491525423729,0,0.0169491525423729,5,18000
"397","2024-05-13 02:00:00|Monitor83.txt|03",108000,0,FALSE,TRUE,"dsGFP","LD",0.0185516456632813,1208,1,30,60,1800,147,0,0,0,0,0,6,21600
"398","2024-05-13 02:00:00|Monitor83.txt|03",111600,0,FALSE,TRUE,"dsGFP","LD",0.0394262298131868,1208,1,31,62,1860,147,0,0,0,0,0,7,25200
"399","2024-05-13 02:00:00|Monitor83.txt|03",115200,0,FALSE,TRUE,"dsGFP","LD",0.0697295944260084,1208,1,32,64,1920,147,0,0,0,0,0,8,28800
"400","2024-05-13 02:00:00|Monitor83.txt|03",118800,0,FALSE,TRUE,"dsGFP","LD",0.109610268714943,1208,1,33,66,1980,147,0,0,0.0338983050847458,0,0.0169491525423729,9,32400
"401","2024-05-13 02:00:00|Monitor83.txt|03",122400,0,FALSE,TRUE,"dsGFP","LD",0.157520446672123,1208,1,34,68,2040,147,0,0,0.593220338983051,0,0,10,36000
"402","2024-05-13 02:00:00|Monitor83.txt|03",126000,0,FALSE,TRUE,"dsGFP","LD",0.20927365773504,1208,1,35,70,2100,147,0,0,0.101694915254237,0,0,11,39600
"403","2024-05-13 02:00:00|Monitor83.txt|03",129600,0,FALSE,TRUE,"dsGFP","LD",0.256921939065712,1208,1,36,72,2160,147,0,0,1,0,0.0169491525423729,12,43200
"404","2024-05-13 02:00:00|Monitor83.txt|03",133200,0,FALSE,TRUE,"dsGFP","LD",0.287556527649404,1208,1,37,74,2220,147,0.0847457627118644,124,134.864406779661,103,98.4237288135593,13,46800
"405","2024-05-13 02:00:00|Monitor83.txt|03",136800,0,FALSE,TRUE,"dsGFP","LD",0.28519310776949,1208,1,38,76,2280,147,0.474576271186441,0,17.4576271186441,0,11.1864406779661,14,50400
"406","2024-05-13 02:00:00|Monitor83.txt|03",140400,0,FALSE,TRUE,"dsGFP","LD",0.254474573638792,1208,1,39,78,2340,147,0.186440677966102,1,6.35593220338983,1,2.94915254237288,15,54000
"407","2024-05-13 02:00:00|Monitor83.txt|03",144000,0,FALSE,TRUE,"dsGFP","LD",0.211495130827063,1208,1,40,80,2400,147,0.135593220338983,0,3.54237288135593,0,2.3728813559322,16,57600
"408","2024-05-13 02:00:00|Monitor83.txt|03",147600,0,FALSE,TRUE,"dsGFP","LD",0.167295124417724,1208,1,41,82,2460,147,0.0338983050847458,0,2,0,1.06779661016949,17,61200
"409","2024-05-13 02:00:00|Monitor83.txt|03",151200,0,FALSE,TRUE,"dsGFP","LD",0.128058523525091,1208,1,42,84,2520,147,0.0169491525423729,6,1.59322033898305,6,0.711864406779661,18,64800
"410","2024-05-13 02:00:00|Monitor83.txt|03",154800,0,FALSE,TRUE,"dsGFP","LD",0.0960919901775954,1208,1,43,86,2580,147,0.0847457627118644,3,1.01694915254237,0,0.508474576271186,19,68400
"411","2024-05-13 02:00:00|Monitor83.txt|03",158400,0,FALSE,TRUE,"dsGFP","LD",0.0719941308697589,1208,1,44,88,2640,147,0.0338983050847458,0,1.91525423728814,0,0.474576271186441,20,72000
"412","2024-05-13 02:00:00|Monitor83.txt|03",162000,0,FALSE,TRUE,"dsGFP","LD",0.0553374406171295,1208,1,45,90,2700,147,0,1,1.08474576271186,0,0.508474576271186,21,75600
"413","2024-05-13 02:00:00|Monitor83.txt|03",165600,0,FALSE,TRUE,"dsGFP","LD",0.0446823403817906,1208,1,46,92,2760,147,0.101694915254237,1,1.93220338983051,0,1.11864406779661,22,79200
"414","2024-05-13 02:00:00|Monitor83.txt|03",169200,0,FALSE,TRUE,"dsGFP","LD",0.0375027113591314,1208,1,47,94,2820,147,0,6,1.47457627118644,2,0.440677966101695,23,82800
"415","2024-05-13 02:00:00|Monitor83.txt|03",172800,0,FALSE,TRUE,"dsGFP","LD",0.0305405290492994,1208,2,48,96,2880,214,0,15,7.3728813559322,15,7.30508474576271,0,0
"416","2024-05-13 02:00:00|Monitor83.txt|03",176400,0,FALSE,TRUE,"dsGFP","LD",0.02130816178107,1208,2,49,98,2940,214,0,0,0.0677966101694915,0,0.0677966101694915,1,3600
"417","2024-05-13 02:00:00|Monitor83.txt|03",180000,0,FALSE,TRUE,"dsGFP","LD",0.0116966832441221,1208,2,50,100,3000,214,0,0,0.101694915254237,0,0.101694915254237,2,7200
"418","2024-05-13 02:00:00|Monitor83.txt|03",183600,0,FALSE,TRUE,"dsGFP","LD",0.00490552019268066,1208,2,51,102,3060,214,0,0,0.0508474576271186,0,0.0338983050847458,3,10800
"419","2024-05-13 02:00:00|Monitor83.txt|03",187200,0,FALSE,TRUE,"dsGFP","LD",0.00385542103432767,1208,2,52,104,3120,214,0,0,0.0338983050847458,0,0.0338983050847458,4,14400
"420","2024-05-13 02:00:00|Monitor83.txt|03",190800,0,FALSE,TRUE,"dsGFP","LD",0.0113277001270004,1208,2,53,106,3180,214,0,0,0,0,0,5,18000
"421","2024-05-13 02:00:00|Monitor83.txt|03",194400,0,FALSE,TRUE,"dsGFP","LD",0.0299781818027214,1208,2,54,108,3240,214,0,0,0,0,0,6,21600
"422","2024-05-13 02:00:00|Monitor83.txt|03",198000,0,FALSE,TRUE,"dsGFP","LD",0.0621489574289384,1208,2,55,110,3300,214,0,0,0.0169491525423729,0,0.0169491525423729,7,25200
"423","2024-05-13 02:00:00|Monitor83.txt|03",201600,0,FALSE,TRUE,"dsGFP","LD",0.10941553953277,1208,2,56,112,3360,214,0,0,0,0,0,8,28800
"424","2024-05-13 02:00:00|Monitor83.txt|03",205200,0,FALSE,TRUE,"dsGFP","LD",0.171815507769888,1208,2,57,114,3420,214,0,0,0.0169491525423729,0,0.0169491525423729,9,32400
"425","2024-05-13 02:00:00|Monitor83.txt|03",208800,0,FALSE,TRUE,"dsGFP","LD",0.246724235922019,1208,2,58,116,3480,214,0,0,0,0,0,10,36000
"426","2024-05-13 02:00:00|Monitor83.txt|03",212400,0,FALSE,TRUE,"dsGFP","LD",0.327381264808276,1208,2,59,118,3540,214,0,0,0.322033898305085,0,0,11,39600
"427","2024-05-13 02:00:00|Monitor83.txt|03",216000,0,FALSE,TRUE,"dsGFP","LD",0.401135585736029,1208,2,60,120,3600,214,0,0,1.08474576271186,0,0,12,43200
"428","2024-05-13 02:00:00|Monitor83.txt|03",219600,0,FALSE,TRUE,"dsGFP","LD",0.447577574872865,1208,2,61,122,3660,214,0.271186440677966,195,180.745762711864,138,133.491525423729,13,46800
"429","2024-05-13 02:00:00|Monitor83.txt|03",223200,0,FALSE,TRUE,"dsGFP","LD",0.441306636025087,1208,2,62,124,3720,214,0.220338983050847,0,19.4067796610169,0,13.0338983050847,14,50400
"430","2024-05-13 02:00:00|Monitor83.txt|03",226800,0,FALSE,TRUE,"dsGFP","LD",0.388400265754317,1208,2,63,126,3780,214,0.0847457627118644,0,4.86440677966102,0,3.11864406779661,15,54000
"431","2024-05-13 02:00:00|Monitor83.txt|03",230400,0,FALSE,TRUE,"dsGFP","LD",0.31418482130448,1208,2,64,128,3840,214,0.0508474576271186,2,2.11864406779661,0,1.77966101694915,16,57600
"432","2024-05-13 02:00:00|Monitor83.txt|03",234000,0,FALSE,TRUE,"dsGFP","LD",0.236219222102664,1208,2,65,130,3900,214,0.0169491525423729,1,0.779661016949153,0,0.220338983050847,17,61200
"433","2024-05-13 02:00:00|Monitor83.txt|03",237600,0,FALSE,TRUE,"dsGFP","LD",0.164910359129618,1208,2,66,132,3960,214,0.0508474576271186,0,1.72881355932203,0,0.474576271186441,18,64800
"434","2024-05-13 02:00:00|Monitor83.txt|03",241200,0,FALSE,TRUE,"dsGFP","LD",0.105620327697786,1208,2,67,134,4020,214,0.0847457627118644,0,0.694915254237288,0,0.271186440677966,19,68400
"435","2024-05-13 02:00:00|Monitor83.txt|03",244800,0,FALSE,TRUE,"dsGFP","LD",0.0600020475030438,1208,2,68,136,4080,214,0.0169491525423729,1,1.52542372881356,1,0.644067796610169,20,72000
"436","2024-05-13 02:00:00|Monitor83.txt|03",248400,0,FALSE,TRUE,"dsGFP","LD",0.0271922360138577,1208,2,69,138,4140,214,0.0677966101694915,0,0.542372881355932,0,0.169491525423729,21,75600
"437","2024-05-13 02:00:00|Monitor83.txt|03",252000,0,FALSE,TRUE,"dsGFP","LD",0.00509742993629403,1208,2,70,140,4200,214,0.0677966101694915,0,1.94915254237288,0,1.28813559322034,22,79200
"438","2024-05-13 02:00:00|Monitor83.txt|03",255600,0,FALSE,TRUE,"dsGFP","LD",-0.00894873447032193,1208,2,71,142,4260,214,0.0169491525423729,0,0.440677966101695,0,0.338983050847458,23,82800
"439","2024-05-13 02:00:00|Monitor83.txt|03",259200,0,FALSE,TRUE,"dsGFP","LD",-0.017765090605905,1208,3,72,144,4320,253,0,8,5.49152542372881,8,5.40677966101695,0,0
"440","2024-05-13 02:00:00|Monitor83.txt|03",262800,0,FALSE,TRUE,"dsGFP","LD",-0.0236449689234016,1208,3,73,146,4380,253,0,0,0.0847457627118644,0,0.0677966101694915,1,3600
"441","2024-05-13 02:00:00|Monitor83.txt|03",266400,0,FALSE,TRUE,"dsGFP","LD",-0.0264205475591,1208,3,74,148,4440,253,0,0,0,0,0,2,7200
"442","2024-05-13 02:00:00|Monitor83.txt|03",270000,0,FALSE,TRUE,"dsGFP","LD",-0.024588469761576,1208,3,75,150,4500,253,0,0,0,0,0,3,10800
"443","2024-05-13 02:00:00|Monitor83.txt|03",273600,0,FALSE,TRUE,"dsGFP","LD",-0.0160334490214251,1208,3,76,152,4560,253,0.0338983050847458,0,0.0508474576271186,0,0.0508474576271186,4,14400
"444","2024-05-13 02:00:00|Monitor83.txt|03",277200,0,FALSE,TRUE,"dsGFP","LD",0.00191791805679808,1208,3,77,154,4620,253,0,0,0,0,0,5,18000
"445","2024-05-13 02:00:00|Monitor83.txt|03",280800,0,FALSE,TRUE,"dsGFP","LD",0.0322830886493946,1208,3,78,156,4680,253,0,0,0.0169491525423729,0,0,6,21600
"446","2024-05-13 02:00:00|Monitor83.txt|03",284400,0,FALSE,TRUE,"dsGFP","LD",0.0779846762688237,1208,3,79,158,4740,253,0,0,0,0,0,7,25200
"447","2024-05-13 02:00:00|Monitor83.txt|03",288000,0,FALSE,TRUE,"dsGFP","LD",0.141116696464769,1208,3,80,160,4800,253,0.0169491525423729,0,0.0169491525423729,0,0.0169491525423729,8,28800
"448","2024-05-13 02:00:00|Monitor83.txt|03",291600,0,FALSE,TRUE,"dsGFP","LD",0.221849358128439,1208,3,81,162,4860,253,0,0,0.0338983050847458,0,0,9,32400
"449","2024-05-13 02:00:00|Monitor83.txt|03",295200,0,FALSE,TRUE,"dsGFP","LD",0.316926942553957,1208,3,82,164,4920,253,0,0,0,0,0,10,36000
"450","2024-05-13 02:00:00|Monitor83.txt|03",298800,0,FALSE,TRUE,"dsGFP","LD",0.417760679333732,1208,3,83,166,4980,253,0,0,0,0,0,11,39600
"451","2024-05-13 02:00:00|Monitor83.txt|03",302400,0,FALSE,TRUE,"dsGFP","LD",0.508201611914764,1208,3,84,168,5040,253,0,0,1.25423728813559,0,0.152542372881356,12,43200
"452","2024-05-13 02:00:00|Monitor83.txt|03",306000,0,FALSE,TRUE,"dsGFP","LD",0.562206548768736,1208,3,85,170,5100,253,0.0169491525423729,245,198.745762711864,218,155.271186440678,13,46800
"453","2024-05-13 02:00:00|Monitor83.txt|03",309600,0,FALSE,TRUE,"dsGFP","LD",0.547899535076948,1208,3,86,172,5160,253,0.491525423728814,0,16.1864406779661,0,10,14,50400
"454","2024-05-13 02:00:00|Monitor83.txt|03",313200,0,FALSE,TRUE,"dsGFP","LD",0.476436115180943,1208,3,87,174,5220,253,0.0847457627118644,0,3.89830508474576,0,1.64406779661017,15,54000
"455","2024-05-13 02:00:00|Monitor83.txt|03",316800,0,FALSE,TRUE,"dsGFP","LD",0.380266584529173,1208,3,88,176,5280,253,0,0,0.135593220338983,0,0.101694915254237,16,57600
"456","2024-05-13 02:00:00|Monitor83.txt|03",320400,0,FALSE,TRUE,"dsGFP","LD",0.281381130273159,1208,3,89,178,5340,253,0,0,0.355932203389831,0,0.288135593220339,17,61200
"457","2024-05-13 02:00:00|Monitor83.txt|03",324000,0,FALSE,TRUE,"dsGFP","LD",0.192736968157653,1208,3,90,180,5400,253,0,0,0.288135593220339,0,0.220338983050847,18,64800
"458","2024-05-13 02:00:00|Monitor83.txt|03",327600,0,FALSE,TRUE,"dsGFP","LD",0.120558713822024,1208,3,91,182,5460,253,0,0,0.23728813559322,0,0.0677966101694915,19,68400
"459","2024-05-13 02:00:00|Monitor83.txt|03",331200,0,FALSE,TRUE,"dsGFP","LD",0.0664218892327648,1208,3,92,184,5520,253,0,0,0.152542372881356,0,0.101694915254237,20,72000
"460","2024-05-13 02:00:00|Monitor83.txt|03",334800,0,FALSE,TRUE,"dsGFP","LD",0.0289632637272046,1208,3,93,186,5580,253,0,0,0.271186440677966,0,0.152542372881356,21,75600
"461","2024-05-13 02:00:00|Monitor83.txt|03",338400,0,FALSE,TRUE,"dsGFP","LD",0.00517377675094023,1208,3,94,188,5640,253,0.0338983050847458,0,0.355932203389831,0,0.203389830508475,22,79200
"462","2024-05-13 02:00:00|Monitor83.txt|03",342000,0,FALSE,TRUE,"dsGFP","LD",-0.00869866394854374,1208,3,95,190,5700,253,0,0,0.338983050847458,0,0.101694915254237,23,82800
"463","2024-05-13 02:00:00|Monitor83.txt|03",345600,0,FALSE,TRUE,"dsGFP","LD",-0.0165685255831759,1208,4,96,192,5760,244,0,11,6.52542372881356,11,6.47457627118644,0,0
"464","2024-05-13 02:00:00|Monitor83.txt|03",349200,0,FALSE,TRUE,"dsGFP","LD",-0.0217094710604901,1208,4,97,194,5820,244,0,0,0.0338983050847458,0,0,1,3600
"465","2024-05-13 02:00:00|Monitor83.txt|03",352800,0,FALSE,TRUE,"dsGFP","LD",-0.024192216987785,1208,4,98,196,5880,244,0,0,0,0,0,2,7200
"466","2024-05-13 02:00:00|Monitor83.txt|03",356400,0,FALSE,TRUE,"dsGFP","LD",-0.0225014453092194,1208,4,99,198,5940,244,0,0,0,0,0,3,10800
"467","2024-05-13 02:00:00|Monitor83.txt|03",360000,0,FALSE,TRUE,"dsGFP","LD",-0.0145605324887349,1208,4,100,200,6000,244,0,0,0,0,0,4,14400
"468","2024-05-13 02:00:00|Monitor83.txt|03",363600,0,FALSE,TRUE,"dsGFP","LD",0.00221750198235586,1208,4,101,202,6060,244,0,0,0,0,0,5,18000
"469","2024-05-13 02:00:00|Monitor83.txt|03",367200,0,FALSE,TRUE,"dsGFP","LD",0.0307308803208372,1208,4,102,204,6120,244,0,0,0,0,0,6,21600
"470","2024-05-13 02:00:00|Monitor83.txt|03",370800,0,FALSE,TRUE,"dsGFP","LD",0.0737785468110819,1208,4,103,206,6180,244,0,0,0,0,0,7,25200
"471","2024-05-13 02:00:00|Monitor83.txt|03",374400,0,FALSE,TRUE,"dsGFP","LD",0.133370944455252,1208,4,104,208,6240,244,0,0,0,0,0,8,28800
"472","2024-05-13 02:00:00|Monitor83.txt|03",378000,0,FALSE,TRUE,"dsGFP","LD",0.209698254951794,1208,4,105,210,6300,244,0,0,0.0169491525423729,0,0,9,32400
"473","2024-05-13 02:00:00|Monitor83.txt|03",381600,0,FALSE,TRUE,"dsGFP","LD",0.299712380107446,1208,4,106,212,6360,244,0,0,0.11864406779661,0,0,10,36000
"474","2024-05-13 02:00:00|Monitor83.txt|03",385200,0,FALSE,TRUE,"dsGFP","LD",0.395323765221888,1208,4,107,214,6420,244,0,0,0,0,0,11,39600
"475","2024-05-13 02:00:00|Monitor83.txt|03",388800,0,FALSE,TRUE,"dsGFP","LD",0.481292707274616,1208,4,108,216,6480,244,0,3,3.32203389830508,0,0.135593220338983,12,43200
"476","2024-05-13 02:00:00|Monitor83.txt|03",392400,0,FALSE,TRUE,"dsGFP","LD",0.533016385927856,1208,4,109,218,6540,244,0.271186440677966,230,208.35593220339,188,163.983050847458,13,46800
"477","2024-05-13 02:00:00|Monitor83.txt|03",396000,0,FALSE,TRUE,"dsGFP","LD",0.520412633074102,1208,4,110,220,6600,244,0.491525423728814,0,7,0,5.32203389830508,14,50400
"478","2024-05-13 02:00:00|Monitor83.txt|03",399600,0,FALSE,TRUE,"dsGFP","LD",0.453068391607599,1208,4,111,222,6660,244,0.0169491525423729,0,1.3728813559322,0,0.576271186440678,15,54000
"479","2024-05-13 02:00:00|Monitor83.txt|03",403200,0,FALSE,TRUE,"dsGFP","LD",0.361790677735401,1208,4,112,224,6720,244,0,0,0.305084745762712,0,0.23728813559322,16,57600
"480","2024-05-13 02:00:00|Monitor83.txt|03",406800,0,FALSE,TRUE,"dsGFP","LD",0.26775966012146,1208,4,113,226,6780,244,0,0,0.135593220338983,0,0.0338983050847458,17,61200
"481","2024-05-13 02:00:00|Monitor83.txt|03",410400,0,FALSE,TRUE,"dsGFP","LD",0.1835620900511,1208,4,114,228,6840,244,0,0,0.389830508474576,0,0.203389830508475,18,64800
"482","2024-05-13 02:00:00|Monitor83.txt|03",414000,0,FALSE,TRUE,"dsGFP","LD",0.11537769061106,1208,4,115,230,6900,244,0,0,0.152542372881356,0,0,19,68400
"483","2024-05-13 02:00:00|Monitor83.txt|03",417600,0,FALSE,TRUE,"dsGFP","LD",0.0649570894713561,1208,4,116,232,6960,244,0,0,0.220338983050847,0,0.0169491525423729,20,72000
"484","2024-05-13 02:00:00|Monitor83.txt|03",421200,0,FALSE,TRUE,"dsGFP","LD",0.0312364810952002,1208,4,117,234,7020,244,0.11864406779661,0,0.338983050847458,0,0.23728813559322,21,75600
"485","2024-05-13 02:00:00|Monitor83.txt|03",424800,0,FALSE,TRUE,"dsGFP","LD",0.0115409804261218,1208,4,118,236,7080,244,0,0,1,0,0.0847457627118644,22,79200
"486","2024-05-13 02:00:00|Monitor83.txt|03",428400,0,FALSE,TRUE,"dsGFP","LD",0.00239719590746286,1208,4,119,238,7140,244,0,0,3.49152542372881,0,0.932203389830508,23,82800
"487","2024-05-13 02:00:00|Monitor83.txt|03",432000,0,FALSE,TRUE,"dsGFP","LD",1.54151624941823e-05,1208,5,120,240,7200,80,0.11864406779661,1,1.16949152542373,1,0.525423728813559,0,0
"488","2024-05-13 02:00:00|Monitor83.txt|03",435600,0,FALSE,TRUE,"dsGFP","FR",-0.000303610205360957,1208,5,121,242,7260,80,0.0338983050847458,0,0.474576271186441,0,0.203389830508475,1,3600
"489","2024-05-13 02:00:00|Monitor83.txt|03",439200,0,FALSE,TRUE,"dsGFP","FR",-0.00142429561504197,1208,5,122,244,7320,80,0,1,0.11864406779661,1,0.101694915254237,2,7200
"490","2024-05-13 02:00:00|Monitor83.txt|03",442800,0,FALSE,TRUE,"dsGFP","FR",-0.00248374832775468,1208,5,123,246,7380,80,0,0,0.0169491525423729,0,0.0169491525423729,3,10800
"491","2024-05-13 02:00:00|Monitor83.txt|03",446400,0,FALSE,TRUE,"dsGFP","FR",-0.00288379666249597,1208,5,124,248,7440,80,0,0,0.203389830508475,0,0,4,14400
"492","2024-05-13 02:00:00|Monitor83.txt|03",450000,0,FALSE,TRUE,"dsGFP","FR",-0.00188969248003628,1208,5,125,250,7500,80,0,0,0,0,0,5,18000
"493","2024-05-13 02:00:00|Monitor83.txt|03",453600,0,FALSE,TRUE,"dsGFP","FR",0.00129638975509877,1208,5,126,252,7560,80,0,0,0.0847457627118644,0,0.0508474576271186,6,21600
"494","2024-05-13 02:00:00|Monitor83.txt|03",457200,0,FALSE,TRUE,"dsGFP","FR",0.00750852452832915,1208,5,127,254,7620,80,0,0,0,0,0,7,25200
"495","2024-05-13 02:00:00|Monitor83.txt|03",460800,0,FALSE,TRUE,"dsGFP","FR",0.0175379540747247,1208,5,128,256,7680,80,0,0,0,0,0,8,28800
"496","2024-05-13 02:00:00|Monitor83.txt|03",464400,0,FALSE,TRUE,"dsGFP","FR",0.031982209532955,1208,5,129,258,7740,80,0,0,0,0,0,9,32400
"497","2024-05-13 02:00:00|Monitor83.txt|03",468000,0,FALSE,TRUE,"dsGFP","FR",0.0510042149800802,1208,5,130,260,7800,80,0,0,0,0,0,10,36000
"498","2024-05-13 02:00:00|Monitor83.txt|03",471600,0,FALSE,TRUE,"dsGFP","FR",0.0739881188233078,1208,5,131,262,7860,80,0,0,0.271186440677966,0,0.0508474576271186,11,39600
"499","2024-05-13 02:00:00|Monitor83.txt|03",475200,0,FALSE,TRUE,"dsGFP","FR",0.0990893426842933,1208,5,132,264,7920,80,0,1,4.77966101694915,0,0.152542372881356,12,43200
"500","2024-05-13 02:00:00|Monitor83.txt|03",478800,0,FALSE,TRUE,"dsGFP","FR",0.122696541255146,1208,5,133,266,7980,80,0.525423728813559,22,38.5423728813559,9,18.7627118644068,13,46800
"501","2024-05-13 02:00:00|Monitor83.txt|03",482400,0,FALSE,TRUE,"dsGFP","FR",0.139462718398519,1208,5,134,268,8040,80,0.440677966101695,12,17.7627118644068,12,11.8305084745763,14,50400
"502","2024-05-13 02:00:00|Monitor83.txt|03",486000,0,FALSE,TRUE,"dsGFP","FR",0.145672361484871,1208,5,135,270,8100,80,0.0508474576271186,19,7.42372881355932,10,3.35593220338983,15,54000
"503","2024-05-13 02:00:00|Monitor83.txt|03",489600,0,FALSE,TRUE,"dsGFP","FR",0.141088322854368,1208,5,136,272,8160,80,0.0847457627118644,8,2.66101694915254,1,1.69491525423729,16,57600
"504","2024-05-13 02:00:00|Monitor83.txt|03",493200,0,FALSE,TRUE,"dsGFP","FR",0.127520247642707,1208,5,137,274,8220,80,0,3,1.44067796610169,0,0.610169491525424,17,61200
"505","2024-05-13 02:00:00|Monitor83.txt|03",496800,2,TRUE,FALSE,"dsGFP","FR",0.108191538090354,1208,5,138,276,8280,80,0.0338983050847458,6,0.813559322033898,6,0.728813559322034,18,64800
"506","2024-05-13 02:00:00|Monitor83.txt|03",500400,0,FALSE,TRUE,"dsGFP","FR",0.0861405418238771,1208,5,139,278,8340,80,0.0169491525423729,1,0.796610169491525,0,0.288135593220339,19,68400
"507","2024-05-13 02:00:00|Monitor83.txt|03",504000,0,FALSE,TRUE,"dsGFP","FR",0.0644392549941791,1208,5,140,280,8400,80,0,1,0.355932203389831,1,0.322033898305085,20,72000
"508","2024-05-13 02:00:00|Monitor83.txt|03",507600,0,FALSE,TRUE,"dsGFP","FR",0.0449352647588923,1208,5,141,282,8460,80,0,1,0.11864406779661,1,0.0338983050847458,21,75600
"509","2024-05-13 02:00:00|Monitor83.txt|03",511200,0,FALSE,TRUE,"dsGFP","FR",0.0284502700616802,1208,5,142,284,8520,80,0,0,0.372881355932203,0,0.0847457627118644,22,79200
"510","2024-05-13 02:00:00|Monitor83.txt|03",514800,0,FALSE,TRUE,"dsGFP","FR",0.0151133233814996,1208,5,143,286,8580,80,0,4,0.152542372881356,4,0.152542372881356,23,82800
"511","2024-05-13 02:00:00|Monitor83.txt|03",518400,0,FALSE,TRUE,"dsGFP","FR",0.00467928034543815,1208,6,144,288,8640,126,0,0,0.23728813559322,0,0.11864406779661,0,0
"512","2024-05-13 02:00:00|Monitor83.txt|03",522000,0,FALSE,TRUE,"dsGFP","FR",-0.00241492902979244,1208,6,145,290,8700,126,0,0,0.0338983050847458,0,0.0338983050847458,1,3600
"513","2024-05-13 02:00:00|Monitor83.txt|03",525600,0,FALSE,TRUE,"dsGFP","FR",-0.00555102908556002,1208,6,146,292,8760,126,0,0,0.0169491525423729,0,0.0169491525423729,2,7200
"514","2024-05-13 02:00:00|Monitor83.txt|03",529200,0,FALSE,TRUE,"dsGFP","FR",-0.00406896743501671,1208,6,147,294,8820,126,0,0,0.0169491525423729,0,0,3,10800
"515","2024-05-13 02:00:00|Monitor83.txt|03",532800,0,FALSE,TRUE,"dsGFP","FR",0.00280501176810523,1208,6,148,296,8880,126,0,0,0.0338983050847458,0,0,4,14400
"516","2024-05-13 02:00:00|Monitor83.txt|03",536400,0,FALSE,TRUE,"dsGFP","FR",0.015920051943331,1208,6,149,298,8940,126,0,0,0.0169491525423729,0,0,5,18000
"517","2024-05-13 02:00:00|Monitor83.txt|03",540000,0,FALSE,TRUE,"dsGFP","FR",0.036033835207665,1208,6,150,300,9000,126,0,1,0.0169491525423729,1,0.0169491525423729,6,21600
"518","2024-05-13 02:00:00|Monitor83.txt|03",543600,0,FALSE,TRUE,"dsGFP","FR",0.0635131814374195,1208,6,151,302,9060,126,0,2,0.0677966101694915,2,0.0508474576271186,7,25200
"519","2024-05-13 02:00:00|Monitor83.txt|03",547200,0,FALSE,TRUE,"dsGFP","FR",0.0980741199707428,1208,6,152,304,9120,126,0,0,0.186440677966102,0,0.0677966101694915,8,28800
"520","2024-05-13 02:00:00|Monitor83.txt|03",550800,0,FALSE,TRUE,"dsGFP","FR",0.138442077873347,1208,6,153,306,9180,126,0,0,0.322033898305085,0,0.0508474576271186,9,32400
"521","2024-05-13 02:00:00|Monitor83.txt|03",554400,0,FALSE,TRUE,"dsGFP","FR",0.181362232117416,1208,6,154,308,9240,126,0.0677966101694915,16,1.91525423728814,0,0.338983050847458,10,36000
"522","2024-05-13 02:00:00|Monitor83.txt|03",558000,0,FALSE,FALSE,"dsGFP","FR",0.220324753895899,1208,6,155,310,9300,126,0.288135593220339,18,17,13,4.89830508474576,11,39600
"523","2024-05-13 02:00:00|Monitor83.txt|03",561600,0,FALSE,TRUE,"dsGFP","FR",0.247145525753873,1208,6,156,312,9360,126,0.813559322033898,29,20.3728813559322,4,11.5593220338983,12,43200
"524","2024-05-13 02:00:00|Monitor83.txt|03",565200,0,FALSE,TRUE,"dsGFP","FR",0.256608714692433,1208,6,157,314,9420,126,0.135593220338983,32,13.4067796610169,15,7.74576271186441,13,46800
"525","2024-05-13 02:00:00|Monitor83.txt|03",568800,0,FALSE,TRUE,"dsGFP","FR",0.244760330798511,1208,6,158,316,9480,126,0.0847457627118644,17,4.1864406779661,16,3.10169491525424,14,50400
"526","2024-05-13 02:00:00|Monitor83.txt|03",572400,0,FALSE,TRUE,"dsGFP","FR",0.213718268457486,1208,6,159,318,9540,126,0,10,8.84745762711864,10,3.06779661016949,15,54000
"527","2024-05-13 02:00:00|Monitor83.txt|03",576000,0,FALSE,TRUE,"dsGFP","FR",0.171465142807142,1208,6,160,320,9600,126,0.23728813559322,1,2.05084745762712,1,1.59322033898305,16,57600
"528","2024-05-13 02:00:00|Monitor83.txt|03",579600,0,FALSE,TRUE,"dsGFP","FR",0.126747803345703,1208,6,161,322,9660,126,0.288135593220339,0,1.3728813559322,0,0.830508474576271,17,61200
"529","2024-05-13 02:00:00|Monitor83.txt|03",583200,0,FALSE,TRUE,"dsGFP","FR",0.0855276598615839,1208,6,162,324,9720,126,0,0,0,0,0,18,64800
"530","2024-05-13 02:00:00|Monitor83.txt|03",586800,0,FALSE,TRUE,"dsGFP","FR",0.0508207960145721,1208,6,163,326,9780,126,0,0,0,0,0,19,68400
"531","2024-05-13 02:00:00|Monitor83.txt|03",590400,0,FALSE,TRUE,"dsGFP","FR",0.0235834139003467,1208,6,164,328,9840,126,0,0,0.0338983050847458,0,0,20,72000
"532","2024-05-13 02:00:00|Monitor83.txt|03",594000,0,FALSE,TRUE,"dsGFP","FR",0.00353344068335665,1208,6,165,330,9900,126,0,0,0.135593220338983,0,0,21,75600
"533","2024-05-13 02:00:00|Monitor83.txt|03",597600,0,FALSE,TRUE,"dsGFP","FR",-0.0102005759874603,1208,6,166,332,9960,126,0,0,0.322033898305085,0,0.322033898305085,22,79200
"534","2024-05-13 02:00:00|Monitor83.txt|03",601200,0,FALSE,TRUE,"dsGFP","FR",-0.0185991707462184,1208,6,167,334,10020,126,0,0,0.152542372881356,0,0,23,82800
"535","2024-05-13 02:00:00|Monitor83.txt|03",604800,0,FALSE,TRUE,"dsGFP","FR",-0.0224214407829403,1208,7,168,336,10080,136,0,0,0,0,0,0,0
"536","2024-05-13 02:00:00|Monitor83.txt|03",608400,0,FALSE,TRUE,"dsGFP","FR",-0.022002294693553,1208,7,169,338,10140,136,0,0,0,0,0,1,3600
"537","2024-05-13 02:00:00|Monitor83.txt|03",612000,0,FALSE,TRUE,"dsGFP","FR",-0.0171602206421337,1208,7,170,340,10200,136,0,0,0.0338983050847458,0,0.0338983050847458,2,7200
"538","2024-05-13 02:00:00|Monitor83.txt|03",615600,0,FALSE,TRUE,"dsGFP","FR",-0.00720797459774057,1208,7,171,342,10260,136,0,0,0,0,0,3,10800
"539","2024-05-13 02:00:00|Monitor83.txt|03",619200,0,FALSE,TRUE,"dsGFP","FR",0.00892953691134765,1208,7,172,344,10320,136,0,0,0.101694915254237,0,0,4,14400
"540","2024-05-13 02:00:00|Monitor83.txt|03",622800,0,FALSE,TRUE,"dsGFP","FR",0.0324743025486061,1208,7,173,346,10380,136,0,0,0.440677966101695,0,0.169491525423729,5,18000
"541","2024-05-13 02:00:00|Monitor83.txt|03",626400,0,FALSE,TRUE,"dsGFP","FR",0.0644065674410607,1208,7,174,348,10440,136,0,0,0.542372881355932,0,0.389830508474576,6,21600
"542","2024-05-13 02:00:00|Monitor83.txt|03",630000,0,FALSE,TRUE,"dsGFP","FR",0.104900989117828,1208,7,175,350,10500,136,0.0508474576271186,0,2.5593220338983,0,0.542372881355932,7,25200
"543","2024-05-13 02:00:00|Monitor83.txt|03",633600,0,FALSE,TRUE,"dsGFP","FR",0.152566511387361,1208,7,176,352,10560,136,0.152542372881356,0,2.94915254237288,0,1.27118644067797,8,28800
"544","2024-05-13 02:00:00|Monitor83.txt|03",637200,0,FALSE,TRUE,"dsGFP","FR",0.203488816835949,1208,7,177,354,10620,136,0.0338983050847458,4,4.13559322033898,0,0.76271186440678,9,32400
"545","2024-05-13 02:00:00|Monitor83.txt|03",640800,0,FALSE,TRUE,"dsGFP","FR",0.250112675097195,1208,7,178,356,10680,136,0.0338983050847458,46,22.3220338983051,13,7.83050847457627,10,36000
"546","2024-05-13 02:00:00|Monitor83.txt|03",644400,0,FALSE,TRUE,"dsGFP","FR",0.281039345890647,1208,7,179,358,10740,136,0.508474576271186,19,18.2033898305085,15,11.9661016949153,11,39600
"547","2024-05-13 02:00:00|Monitor83.txt|03",648000,0,FALSE,TRUE,"dsGFP","FR",0.287658245651317,1208,7,180,360,10800,136,0.135593220338983,57,8.79661016949153,22,5.84745762711864,12,43200
"548","2024-05-13 02:00:00|Monitor83.txt|03",651600,0,FALSE,TRUE,"dsGFP","FR",0.268524557667555,1208,7,181,362,10860,136,0.406779661016949,5,4.69491525423729,5,2.33898305084746,13,46800
"549","2024-05-13 02:00:00|Monitor83.txt|03",655200,0,FALSE,TRUE,"dsGFP","FR",0.228824130306212,1208,7,182,364,10920,136,0.203389830508475,1,2.6271186440678,1,1.83050847457627,14,50400
"550","2024-05-13 02:00:00|Monitor83.txt|03",658800,0,FALSE,TRUE,"dsGFP","FR",0.180671745984,1208,7,183,366,10980,136,0,3,1.88135593220339,0,1.08474576271186,15,54000
"551","2024-05-13 02:00:00|Monitor83.txt|03",662400,0,FALSE,TRUE,"dsGFP","FR",0.132941720550879,1208,7,184,368,11040,136,0.0169491525423729,0,0.508474576271186,0,0.389830508474576,16,57600
"552","2024-05-13 02:00:00|Monitor83.txt|03",666000,0,FALSE,TRUE,"dsGFP","FR",0.0909010500979157,1208,7,185,370,11100,136,0,0,0.186440677966102,0,0.11864406779661,17,61200
"553","2024-05-13 02:00:00|Monitor83.txt|03",669600,0,FALSE,TRUE,"dsGFP","FR",0.057240626674971,1208,7,186,372,11160,136,0,1,0.220338983050847,0,0.101694915254237,18,64800
"554","2024-05-13 02:00:00|Monitor83.txt|03",673200,0,FALSE,TRUE,"dsGFP","FR",0.0324893835644376,1208,7,187,374,11220,136,0,0,0.254237288135593,0,0.23728813559322,19,68400
"555","2024-05-13 02:00:00|Monitor83.txt|03",676800,0,FALSE,TRUE,"dsGFP","FR",0.0158711740217115,1208,7,188,376,11280,136,0,0,0.203389830508475,0,0.169491525423729,20,72000
"556","2024-05-13 02:00:00|Monitor83.txt|03",680400,0,FALSE,TRUE,"dsGFP","FR",0.0060640425776865,1208,7,189,378,11340,136,0,0,0.271186440677966,0,0.0169491525423729,21,75600
"557","2024-05-13 02:00:00|Monitor83.txt|03",684000,0,FALSE,TRUE,"dsGFP","FR",0.00138712776348425,1208,7,190,380,11400,136,0,0,0.169491525423729,0,0.169491525423729,22,79200
"558","2024-05-13 02:00:00|Monitor83.txt|03",687600,0,FALSE,TRUE,"dsGFP","FR",-4.99616605355476e-06,1208,7,191,382,11460,136,0,0,0,0,0,23,82800
"559","2024-05-13 02:00:00|Monitor83.txt|03",691200,0,FALSE,TRUE,"dsGFP","FR",-3.77129702491453e-06,1208,8,192,384,11520,0,0,0,0.271186440677966,0,0.186440677966102,0,0
"560","2024-05-13 02:00:00|Monitor83.txt|03",694800,0,FALSE,TRUE,"dsGFP","Not-used",0,1208,8,193,386,11580,0,0,0,0.0169491525423729,0,0,1,3600
"561","2024-05-13 02:00:00|Monitor83.txt|03",698400,0,FALSE,TRUE,"dsGFP","Not-used",0,1208,8,194,388,11640,0,0,0,0.355932203389831,0,0.0847457627118644,2,7200
"562","2024-05-13 02:00:00|Monitor83.txt|03",702000,0,FALSE,TRUE,"dsGFP","Not-used",0,1208,8,195,390,11700,0,0,0,1.06779661016949,0,0.169491525423729,3,10800
"563","2024-05-13 02:00:00|Monitor83.txt|03",705600,0,FALSE,TRUE,"dsGFP","Not-used",0,1208,8,196,392,11760,0,0,0,1.86440677966102,0,1.23728813559322,4,14400
"564","2024-05-13 02:00:00|Monitor83.txt|03",709200,0,FALSE,TRUE,"dsGFP","Not-used",0,1208,8,197,394,11820,0,0.169491525423729,0,1.69491525423729,0,0.915254237288136,5,18000
"565","2024-05-13 02:00:00|Monitor83.txt|03",712800,0,FALSE,TRUE,"dsGFP","Not-used",0,1208,8,198,396,11880,0,0,0,1.66101694915254,0,0.525423728813559,6,21600
"566","2024-05-13 02:00:00|Monitor83.txt|03",716400,0,FALSE,TRUE,"dsGFP","Not-used",0,1208,8,199,398,11940,0,0.0338983050847458,0,2.22033898305085,0,0.898305084745763,7,25200
"567","2024-05-13 02:00:00|Monitor83.txt|03",720000,0,FALSE,TRUE,"dsGFP","Not-used",0,1208,8,200,400,12000,0,0.0338983050847458,0,0.0338983050847458,0,0.0338983050847458,8,28800
